

CREATE TABLE `accounts` (
  `id` int(10) unsigned NOT NULL AUTO_INCREMENT,
  `account_no` varchar(191) COLLATE utf8mb4_unicode_ci NOT NULL,
  `name` varchar(191) COLLATE utf8mb4_unicode_ci NOT NULL,
  `initial_balance` double DEFAULT NULL,
  `total_balance` double NOT NULL,
  `note` text COLLATE utf8mb4_unicode_ci DEFAULT NULL,
  `is_default` tinyint(1) DEFAULT NULL,
  `is_active` tinyint(1) NOT NULL,
  `created_at` timestamp NULL DEFAULT NULL,
  `updated_at` timestamp NULL DEFAULT NULL,
  PRIMARY KEY (`id`)
) ENGINE=InnoDB AUTO_INCREMENT=2 DEFAULT CHARSET=utf8mb4 COLLATE=utf8mb4_unicode_ci;

INSERT INTO accounts VALUES("1","6215655515","admin","5000","5000","uhuhuhuj","1","1","2025-02-12 06:15:04","2025-02-12 06:15:04");



CREATE TABLE `adjustments` (
  `id` int(10) unsigned NOT NULL AUTO_INCREMENT,
  `reference_no` varchar(191) COLLATE utf8mb4_unicode_ci NOT NULL,
  `warehouse_id` int(11) NOT NULL,
  `document` varchar(191) COLLATE utf8mb4_unicode_ci DEFAULT NULL,
  `total_qty` double NOT NULL,
  `item` int(11) NOT NULL,
  `note` text COLLATE utf8mb4_unicode_ci DEFAULT NULL,
  `created_at` timestamp NULL DEFAULT NULL,
  `updated_at` timestamp NULL DEFAULT NULL,
  PRIMARY KEY (`id`)
) ENGINE=InnoDB DEFAULT CHARSET=utf8mb4 COLLATE=utf8mb4_unicode_ci;




CREATE TABLE `attendances` (
  `id` int(10) unsigned NOT NULL AUTO_INCREMENT,
  `date` date NOT NULL,
  `employee_id` int(11) NOT NULL,
  `user_id` int(11) NOT NULL,
  `checkin` varchar(191) COLLATE utf8mb4_unicode_ci NOT NULL,
  `checkout` varchar(191) COLLATE utf8mb4_unicode_ci NOT NULL,
  `status` int(11) NOT NULL,
  `note` text COLLATE utf8mb4_unicode_ci DEFAULT NULL,
  `created_at` timestamp NULL DEFAULT NULL,
  `updated_at` timestamp NULL DEFAULT NULL,
  PRIMARY KEY (`id`)
) ENGINE=InnoDB AUTO_INCREMENT=2 DEFAULT CHARSET=utf8mb4 COLLATE=utf8mb4_unicode_ci;

INSERT INTO attendances VALUES("1","2025-02-12","1","1","12:00am","4:00pm","1","sdfsd","2025-02-12 05:57:06","2025-02-12 05:57:06");



CREATE TABLE `billers` (
  `id` int(10) unsigned NOT NULL AUTO_INCREMENT,
  `name` varchar(191) COLLATE utf8mb4_unicode_ci NOT NULL,
  `image` varchar(191) COLLATE utf8mb4_unicode_ci DEFAULT NULL,
  `company_name` varchar(191) COLLATE utf8mb4_unicode_ci NOT NULL,
  `vat_number` varchar(191) COLLATE utf8mb4_unicode_ci DEFAULT NULL,
  `email` varchar(191) COLLATE utf8mb4_unicode_ci NOT NULL,
  `phone_number` varchar(191) COLLATE utf8mb4_unicode_ci NOT NULL,
  `address` varchar(191) COLLATE utf8mb4_unicode_ci NOT NULL,
  `city` varchar(191) COLLATE utf8mb4_unicode_ci NOT NULL,
  `state` varchar(191) COLLATE utf8mb4_unicode_ci DEFAULT NULL,
  `postal_code` varchar(191) COLLATE utf8mb4_unicode_ci DEFAULT NULL,
  `country` varchar(191) COLLATE utf8mb4_unicode_ci DEFAULT NULL,
  `is_active` tinyint(1) DEFAULT NULL,
  `created_at` timestamp NULL DEFAULT NULL,
  `updated_at` timestamp NULL DEFAULT NULL,
  PRIMARY KEY (`id`)
) ENGINE=InnoDB AUTO_INCREMENT=2 DEFAULT CHARSET=utf8mb4 COLLATE=utf8mb4_unicode_ci;

INSERT INTO billers VALUES("1","dilshan.priyankara1016@gmail.com","","dcres","","nanonestsolution@gmail.com","+947596554","ddfgsfgsd","dfgdf","fgfdg","4524","fdgdfg","1","2025-02-12 06:12:10","2025-02-12 06:12:10");



CREATE TABLE `brands` (
  `id` int(10) unsigned NOT NULL AUTO_INCREMENT,
  `title` varchar(191) COLLATE utf8mb4_unicode_ci NOT NULL,
  `image` varchar(191) COLLATE utf8mb4_unicode_ci DEFAULT NULL,
  `is_active` tinyint(1) DEFAULT NULL,
  `created_at` timestamp NULL DEFAULT NULL,
  `updated_at` timestamp NULL DEFAULT NULL,
  PRIMARY KEY (`id`)
) ENGINE=InnoDB AUTO_INCREMENT=4 DEFAULT CHARSET=utf8mb4 COLLATE=utf8mb4_unicode_ci;

INSERT INTO brands VALUES("2","iphone","","1","2025-02-12 05:38:19","2025-02-12 05:38:19");
INSERT INTO brands VALUES("3","republish","","1","2025-02-12 05:40:47","2025-02-12 05:40:47");



CREATE TABLE `cash_registers` (
  `id` int(10) unsigned NOT NULL AUTO_INCREMENT,
  `cash_in_hand` double NOT NULL,
  `user_id` int(11) NOT NULL,
  `warehouse_id` int(11) NOT NULL,
  `status` tinyint(1) NOT NULL,
  `created_at` timestamp NULL DEFAULT NULL,
  `updated_at` timestamp NULL DEFAULT NULL,
  PRIMARY KEY (`id`)
) ENGINE=InnoDB AUTO_INCREMENT=3 DEFAULT CHARSET=utf8mb4 COLLATE=utf8mb4_unicode_ci;

INSERT INTO cash_registers VALUES("2","2","1","8","1","2025-02-12 06:11:22","2025-02-12 06:11:22");



CREATE TABLE `categories` (
  `id` int(10) unsigned NOT NULL AUTO_INCREMENT,
  `name` varchar(191) COLLATE utf8mb4_unicode_ci NOT NULL,
  `image` varchar(191) COLLATE utf8mb4_unicode_ci DEFAULT NULL,
  `parent_id` int(11) DEFAULT NULL,
  `is_active` tinyint(1) DEFAULT NULL,
  `created_at` timestamp NULL DEFAULT NULL,
  `updated_at` timestamp NULL DEFAULT NULL,
  PRIMARY KEY (`id`)
) ENGINE=InnoDB AUTO_INCREMENT=7 DEFAULT CHARSET=utf8mb4 COLLATE=utf8mb4_unicode_ci;

INSERT INTO categories VALUES("6","Mobile","","","1","2025-02-12 05:37:47","2025-02-12 05:37:47");



CREATE TABLE `coupons` (
  `id` int(10) unsigned NOT NULL AUTO_INCREMENT,
  `code` varchar(191) COLLATE utf8mb4_unicode_ci NOT NULL,
  `type` varchar(191) COLLATE utf8mb4_unicode_ci NOT NULL,
  `amount` double NOT NULL,
  `minimum_amount` double DEFAULT NULL,
  `quantity` int(11) NOT NULL,
  `used` int(11) NOT NULL,
  `expired_date` date NOT NULL,
  `user_id` int(11) NOT NULL,
  `is_active` tinyint(1) NOT NULL,
  `created_at` timestamp NULL DEFAULT NULL,
  `updated_at` timestamp NULL DEFAULT NULL,
  PRIMARY KEY (`id`)
) ENGINE=InnoDB DEFAULT CHARSET=utf8mb4 COLLATE=utf8mb4_unicode_ci;




CREATE TABLE `currencies` (
  `id` bigint(20) unsigned NOT NULL AUTO_INCREMENT,
  `name` varchar(191) COLLATE utf8mb4_unicode_ci NOT NULL,
  `code` varchar(191) COLLATE utf8mb4_unicode_ci NOT NULL,
  `exchange_rate` double NOT NULL,
  `created_at` timestamp NULL DEFAULT NULL,
  `updated_at` timestamp NULL DEFAULT NULL,
  PRIMARY KEY (`id`)
) ENGINE=InnoDB AUTO_INCREMENT=3 DEFAULT CHARSET=utf8mb4 COLLATE=utf8mb4_unicode_ci;

INSERT INTO currencies VALUES("1","Sri Lankan Rupee","Rs","1","2020-10-31 23:52:58","2025-02-10 17:41:56");
INSERT INTO currencies VALUES("2","Euro","Euro","0.85","2020-11-01 00:59:12","2020-11-10 22:45:34");



CREATE TABLE `customer_groups` (
  `id` int(10) unsigned NOT NULL AUTO_INCREMENT,
  `name` varchar(191) COLLATE utf8mb4_unicode_ci NOT NULL,
  `percentage` varchar(191) COLLATE utf8mb4_unicode_ci NOT NULL,
  `is_active` tinyint(1) DEFAULT NULL,
  `created_at` timestamp NULL DEFAULT NULL,
  `updated_at` timestamp NULL DEFAULT NULL,
  PRIMARY KEY (`id`)
) ENGINE=InnoDB AUTO_INCREMENT=6 DEFAULT CHARSET=utf8mb4 COLLATE=utf8mb4_unicode_ci;

INSERT INTO customer_groups VALUES("1","general","0","1","2018-05-12 07:39:36","2019-03-02 05:31:35");
INSERT INTO customer_groups VALUES("2","distributor","-10","1","2018-05-12 07:42:14","2019-03-02 05:32:12");
INSERT INTO customer_groups VALUES("3","reseller","5","1","2018-05-12 07:42:26","2018-05-30 00:48:14");



CREATE TABLE `customers` (
  `id` int(10) unsigned NOT NULL AUTO_INCREMENT,
  `customer_group_id` int(11) NOT NULL,
  `user_id` int(11) DEFAULT NULL,
  `name` varchar(191) COLLATE utf8mb4_unicode_ci NOT NULL,
  `company_name` varchar(191) COLLATE utf8mb4_unicode_ci DEFAULT NULL,
  `email` varchar(191) COLLATE utf8mb4_unicode_ci DEFAULT NULL,
  `phone_number` varchar(191) COLLATE utf8mb4_unicode_ci NOT NULL,
  `tax_no` varchar(191) COLLATE utf8mb4_unicode_ci DEFAULT NULL,
  `address` varchar(191) COLLATE utf8mb4_unicode_ci NOT NULL,
  `city` varchar(191) COLLATE utf8mb4_unicode_ci NOT NULL,
  `state` varchar(191) COLLATE utf8mb4_unicode_ci DEFAULT NULL,
  `postal_code` varchar(191) COLLATE utf8mb4_unicode_ci DEFAULT NULL,
  `country` varchar(191) COLLATE utf8mb4_unicode_ci DEFAULT NULL,
  `points` double DEFAULT NULL,
  `deposit` double DEFAULT NULL,
  `expense` double DEFAULT NULL,
  `is_active` tinyint(1) DEFAULT NULL,
  `created_at` timestamp NULL DEFAULT NULL,
  `updated_at` timestamp NULL DEFAULT NULL,
  PRIMARY KEY (`id`)
) ENGINE=InnoDB AUTO_INCREMENT=3 DEFAULT CHARSET=utf8mb4 COLLATE=utf8mb4_unicode_ci;

INSERT INTO customers VALUES("2","1","","ihjujnjuhuihju","","","+947596554","","ddfgsfgsd","dfgdf","","","","1044","","","1","2025-02-12 06:12:33","2025-02-12 06:15:44");



CREATE TABLE `deliveries` (
  `id` int(10) unsigned NOT NULL AUTO_INCREMENT,
  `reference_no` varchar(191) COLLATE utf8mb4_unicode_ci NOT NULL,
  `sale_id` int(11) NOT NULL,
  `user_id` int(11) DEFAULT NULL,
  `address` text COLLATE utf8mb4_unicode_ci NOT NULL,
  `delivered_by` varchar(191) COLLATE utf8mb4_unicode_ci DEFAULT NULL,
  `recieved_by` varchar(191) COLLATE utf8mb4_unicode_ci DEFAULT NULL,
  `file` varchar(191) COLLATE utf8mb4_unicode_ci DEFAULT NULL,
  `note` varchar(191) COLLATE utf8mb4_unicode_ci DEFAULT NULL,
  `status` varchar(191) COLLATE utf8mb4_unicode_ci NOT NULL,
  `created_at` timestamp NULL DEFAULT NULL,
  `updated_at` timestamp NULL DEFAULT NULL,
  PRIMARY KEY (`id`)
) ENGINE=InnoDB DEFAULT CHARSET=utf8mb4 COLLATE=utf8mb4_unicode_ci;




CREATE TABLE `departments` (
  `id` int(10) unsigned NOT NULL AUTO_INCREMENT,
  `name` varchar(191) COLLATE utf8mb4_unicode_ci NOT NULL,
  `is_active` tinyint(1) NOT NULL,
  `created_at` timestamp NULL DEFAULT NULL,
  `updated_at` timestamp NULL DEFAULT NULL,
  PRIMARY KEY (`id`)
) ENGINE=InnoDB AUTO_INCREMENT=3 DEFAULT CHARSET=utf8mb4 COLLATE=utf8mb4_unicode_ci;

INSERT INTO departments VALUES("2","cashier","1","2025-02-12 05:52:35","2025-02-12 05:52:35");



CREATE TABLE `deposits` (
  `id` int(10) unsigned NOT NULL AUTO_INCREMENT,
  `amount` double NOT NULL,
  `customer_id` int(11) NOT NULL,
  `user_id` int(11) NOT NULL,
  `note` text COLLATE utf8mb4_unicode_ci DEFAULT NULL,
  `created_at` timestamp NULL DEFAULT NULL,
  `updated_at` timestamp NULL DEFAULT NULL,
  PRIMARY KEY (`id`)
) ENGINE=InnoDB DEFAULT CHARSET=utf8mb4 COLLATE=utf8mb4_unicode_ci;




CREATE TABLE `discount_plan_customers` (
  `id` bigint(20) unsigned NOT NULL AUTO_INCREMENT,
  `discount_plan_id` int(11) NOT NULL,
  `customer_id` int(11) NOT NULL,
  `created_at` timestamp NULL DEFAULT NULL,
  `updated_at` timestamp NULL DEFAULT NULL,
  PRIMARY KEY (`id`)
) ENGINE=InnoDB DEFAULT CHARSET=utf8mb4 COLLATE=utf8mb4_unicode_ci;




CREATE TABLE `discount_plan_discounts` (
  `id` bigint(20) unsigned NOT NULL AUTO_INCREMENT,
  `discount_id` int(11) NOT NULL,
  `discount_plan_id` int(11) NOT NULL,
  `created_at` timestamp NULL DEFAULT NULL,
  `updated_at` timestamp NULL DEFAULT NULL,
  PRIMARY KEY (`id`)
) ENGINE=InnoDB DEFAULT CHARSET=utf8mb4 COLLATE=utf8mb4_unicode_ci;




CREATE TABLE `discount_plans` (
  `id` bigint(20) unsigned NOT NULL AUTO_INCREMENT,
  `name` varchar(191) COLLATE utf8mb4_unicode_ci NOT NULL,
  `is_active` tinyint(1) NOT NULL,
  `created_at` timestamp NULL DEFAULT NULL,
  `updated_at` timestamp NULL DEFAULT NULL,
  PRIMARY KEY (`id`)
) ENGINE=InnoDB DEFAULT CHARSET=utf8mb4 COLLATE=utf8mb4_unicode_ci;




CREATE TABLE `discounts` (
  `id` bigint(20) unsigned NOT NULL AUTO_INCREMENT,
  `name` varchar(191) COLLATE utf8mb4_unicode_ci NOT NULL,
  `applicable_for` varchar(191) COLLATE utf8mb4_unicode_ci NOT NULL,
  `product_list` longtext COLLATE utf8mb4_unicode_ci DEFAULT NULL,
  `valid_from` date NOT NULL,
  `valid_till` date NOT NULL,
  `type` varchar(191) COLLATE utf8mb4_unicode_ci NOT NULL,
  `value` double NOT NULL,
  `minimum_qty` double NOT NULL,
  `maximum_qty` double NOT NULL,
  `days` varchar(191) COLLATE utf8mb4_unicode_ci NOT NULL,
  `is_active` tinyint(1) NOT NULL,
  `created_at` timestamp NULL DEFAULT NULL,
  `updated_at` timestamp NULL DEFAULT NULL,
  PRIMARY KEY (`id`)
) ENGINE=InnoDB DEFAULT CHARSET=utf8mb4 COLLATE=utf8mb4_unicode_ci;




CREATE TABLE `employees` (
  `id` int(10) unsigned NOT NULL AUTO_INCREMENT,
  `name` varchar(191) COLLATE utf8mb4_unicode_ci NOT NULL,
  `email` varchar(191) COLLATE utf8mb4_unicode_ci NOT NULL,
  `phone_number` varchar(191) COLLATE utf8mb4_unicode_ci NOT NULL,
  `department_id` int(11) NOT NULL,
  `user_id` int(11) DEFAULT NULL,
  `image` varchar(191) COLLATE utf8mb4_unicode_ci DEFAULT NULL,
  `address` varchar(191) COLLATE utf8mb4_unicode_ci DEFAULT NULL,
  `city` varchar(191) COLLATE utf8mb4_unicode_ci DEFAULT NULL,
  `country` varchar(191) COLLATE utf8mb4_unicode_ci DEFAULT NULL,
  `is_active` tinyint(1) NOT NULL,
  `created_at` timestamp NULL DEFAULT NULL,
  `updated_at` timestamp NULL DEFAULT NULL,
  PRIMARY KEY (`id`)
) ENGINE=InnoDB AUTO_INCREMENT=2 DEFAULT CHARSET=utf8mb4 COLLATE=utf8mb4_unicode_ci;

INSERT INTO employees VALUES("1","dilshan","nanonestsolution@gmail.com","+947596554","2","32","","ddfgsfgsd","dfgdf","fdgdfg","1","2025-02-12 05:53:23","2025-02-12 05:53:23");



CREATE TABLE `expense_categories` (
  `id` int(10) unsigned NOT NULL AUTO_INCREMENT,
  `code` varchar(191) COLLATE utf8mb4_unicode_ci NOT NULL,
  `name` varchar(191) COLLATE utf8mb4_unicode_ci NOT NULL,
  `is_active` tinyint(1) NOT NULL,
  `created_at` timestamp NULL DEFAULT NULL,
  `updated_at` timestamp NULL DEFAULT NULL,
  PRIMARY KEY (`id`)
) ENGINE=InnoDB AUTO_INCREMENT=6 DEFAULT CHARSET=utf8mb4 COLLATE=utf8mb4_unicode_ci;

INSERT INTO expense_categories VALUES("1","100","Meal","1","2023-01-20 20:00:48","2023-01-20 20:00:48");
INSERT INTO expense_categories VALUES("2","200","Electricity","1","2023-01-20 20:01:35","2023-01-20 20:01:35");
INSERT INTO expense_categories VALUES("3","201","Water","1","2023-01-20 20:01:52","2023-01-20 20:01:52");
INSERT INTO expense_categories VALUES("4","202","Shop Rent","1","2023-01-20 20:02:18","2023-01-20 20:02:18");
INSERT INTO expense_categories VALUES("5","300","Salary","1","2023-01-20 20:02:37","2023-01-20 20:02:37");



CREATE TABLE `expenses` (
  `id` int(10) unsigned NOT NULL AUTO_INCREMENT,
  `reference_no` varchar(191) COLLATE utf8mb4_unicode_ci NOT NULL,
  `expense_category_id` int(11) NOT NULL,
  `warehouse_id` int(11) NOT NULL,
  `account_id` int(11) NOT NULL,
  `user_id` int(11) NOT NULL,
  `cash_register_id` int(11) DEFAULT NULL,
  `amount` double NOT NULL,
  `note` text COLLATE utf8mb4_unicode_ci DEFAULT NULL,
  `created_at` timestamp NULL DEFAULT NULL,
  `updated_at` timestamp NULL DEFAULT NULL,
  PRIMARY KEY (`id`)
) ENGINE=InnoDB DEFAULT CHARSET=utf8mb4 COLLATE=utf8mb4_unicode_ci;




CREATE TABLE `failed_jobs` (
  `id` bigint(20) unsigned NOT NULL AUTO_INCREMENT,
  `connection` text COLLATE utf8mb4_unicode_ci NOT NULL,
  `queue` text COLLATE utf8mb4_unicode_ci NOT NULL,
  `payload` longtext COLLATE utf8mb4_unicode_ci NOT NULL,
  `exception` longtext COLLATE utf8mb4_unicode_ci NOT NULL,
  `failed_at` timestamp NOT NULL DEFAULT current_timestamp(),
  PRIMARY KEY (`id`)
) ENGINE=InnoDB DEFAULT CHARSET=utf8mb4 COLLATE=utf8mb4_unicode_ci;




CREATE TABLE `general_settings` (
  `id` int(10) unsigned NOT NULL AUTO_INCREMENT,
  `site_title` varchar(191) COLLATE utf8mb4_unicode_ci NOT NULL,
  `site_logo` varchar(191) COLLATE utf8mb4_unicode_ci DEFAULT NULL,
  `is_rtl` tinyint(1) DEFAULT NULL,
  `currency` varchar(191) COLLATE utf8mb4_unicode_ci NOT NULL,
  `staff_access` varchar(191) COLLATE utf8mb4_unicode_ci NOT NULL,
  `date_format` varchar(191) COLLATE utf8mb4_unicode_ci NOT NULL,
  `developed_by` varchar(191) COLLATE utf8mb4_unicode_ci DEFAULT NULL,
  `invoice_format` varchar(191) COLLATE utf8mb4_unicode_ci DEFAULT NULL,
  `state` int(11) DEFAULT NULL,
  `theme` varchar(191) COLLATE utf8mb4_unicode_ci NOT NULL,
  `created_at` timestamp NULL DEFAULT NULL,
  `updated_at` timestamp NULL DEFAULT NULL,
  `currency_position` varchar(191) COLLATE utf8mb4_unicode_ci NOT NULL,
  PRIMARY KEY (`id`)
) ENGINE=InnoDB AUTO_INCREMENT=2 DEFAULT CHARSET=utf8mb4 COLLATE=utf8mb4_unicode_ci;

INSERT INTO general_settings VALUES("1","Dcres Solution POS","20250212054546.png","0","1","all","d-m-Y","Dcres Solution","standard","1","default.css","2018-07-06 05:43:11","2025-02-12 05:45:46","prefix");



CREATE TABLE `gift_card_recharges` (
  `id` int(10) unsigned NOT NULL AUTO_INCREMENT,
  `gift_card_id` int(11) NOT NULL,
  `amount` double NOT NULL,
  `user_id` int(11) NOT NULL,
  `created_at` timestamp NULL DEFAULT NULL,
  `updated_at` timestamp NULL DEFAULT NULL,
  PRIMARY KEY (`id`)
) ENGINE=InnoDB DEFAULT CHARSET=utf8mb4 COLLATE=utf8mb4_unicode_ci;




CREATE TABLE `gift_cards` (
  `id` int(10) unsigned NOT NULL AUTO_INCREMENT,
  `card_no` varchar(191) COLLATE utf8mb4_unicode_ci NOT NULL,
  `amount` double NOT NULL,
  `expense` double NOT NULL,
  `customer_id` int(11) DEFAULT NULL,
  `user_id` int(11) DEFAULT NULL,
  `expired_date` date DEFAULT NULL,
  `created_by` int(11) NOT NULL,
  `is_active` tinyint(1) NOT NULL,
  `created_at` timestamp NULL DEFAULT NULL,
  `updated_at` timestamp NULL DEFAULT NULL,
  PRIMARY KEY (`id`)
) ENGINE=InnoDB DEFAULT CHARSET=utf8mb4 COLLATE=utf8mb4_unicode_ci;




CREATE TABLE `holidays` (
  `id` int(10) unsigned NOT NULL AUTO_INCREMENT,
  `user_id` int(11) NOT NULL,
  `from_date` date NOT NULL,
  `to_date` date NOT NULL,
  `note` text COLLATE utf8mb4_unicode_ci DEFAULT NULL,
  `is_approved` tinyint(1) NOT NULL,
  `created_at` timestamp NULL DEFAULT NULL,
  `updated_at` timestamp NULL DEFAULT NULL,
  PRIMARY KEY (`id`)
) ENGINE=InnoDB DEFAULT CHARSET=utf8mb4 COLLATE=utf8mb4_unicode_ci;




CREATE TABLE `hrm_settings` (
  `id` int(10) unsigned NOT NULL AUTO_INCREMENT,
  `checkin` varchar(191) COLLATE utf8mb4_unicode_ci NOT NULL,
  `checkout` varchar(191) COLLATE utf8mb4_unicode_ci NOT NULL,
  `created_at` timestamp NULL DEFAULT NULL,
  `updated_at` timestamp NULL DEFAULT NULL,
  PRIMARY KEY (`id`)
) ENGINE=InnoDB AUTO_INCREMENT=3 DEFAULT CHARSET=utf8mb4 COLLATE=utf8mb4_unicode_ci;

INSERT INTO hrm_settings VALUES("2","8:00am","5:00pm","2025-02-12 05:56:57","2025-02-12 05:56:57");



CREATE TABLE `languages` (
  `id` int(10) unsigned NOT NULL AUTO_INCREMENT,
  `code` varchar(191) COLLATE utf8mb4_unicode_ci NOT NULL,
  `created_at` timestamp NULL DEFAULT NULL,
  `updated_at` timestamp NULL DEFAULT NULL,
  PRIMARY KEY (`id`)
) ENGINE=InnoDB AUTO_INCREMENT=2 DEFAULT CHARSET=utf8mb4 COLLATE=utf8mb4_unicode_ci;




CREATE TABLE `migrations` (
  `id` int(10) unsigned NOT NULL AUTO_INCREMENT,
  `migration` varchar(191) COLLATE utf8mb4_unicode_ci NOT NULL,
  `batch` int(11) NOT NULL,
  PRIMARY KEY (`id`)
) ENGINE=InnoDB AUTO_INCREMENT=151 DEFAULT CHARSET=utf8mb4 COLLATE=utf8mb4_unicode_ci;

INSERT INTO migrations VALUES("1","2014_10_12_000000_create_users_table","1");
INSERT INTO migrations VALUES("2","2014_10_12_100000_create_password_resets_table","1");
INSERT INTO migrations VALUES("3","2018_02_17_060412_create_categories_table","1");
INSERT INTO migrations VALUES("4","2018_02_20_035727_create_brands_table","1");
INSERT INTO migrations VALUES("5","2018_02_25_100635_create_suppliers_table","1");
INSERT INTO migrations VALUES("6","2018_02_27_101619_create_warehouse_table","1");
INSERT INTO migrations VALUES("7","2018_03_03_040448_create_units_table","1");
INSERT INTO migrations VALUES("8","2018_03_04_041317_create_taxes_table","1");
INSERT INTO migrations VALUES("9","2018_03_10_061915_create_customer_groups_table","1");
INSERT INTO migrations VALUES("10","2018_03_10_090534_create_customers_table","1");
INSERT INTO migrations VALUES("11","2018_03_11_095547_create_billers_table","1");
INSERT INTO migrations VALUES("12","2018_04_05_054401_create_products_table","1");
INSERT INTO migrations VALUES("13","2018_04_06_133606_create_purchases_table","1");
INSERT INTO migrations VALUES("14","2018_04_06_154600_create_product_purchases_table","1");
INSERT INTO migrations VALUES("15","2018_04_06_154915_create_product_warhouse_table","1");
INSERT INTO migrations VALUES("16","2018_04_10_085927_create_sales_table","1");
INSERT INTO migrations VALUES("17","2018_04_10_090133_create_product_sales_table","1");
INSERT INTO migrations VALUES("18","2018_04_10_090254_create_payments_table","1");
INSERT INTO migrations VALUES("19","2018_04_10_090341_create_payment_with_cheque_table","1");
INSERT INTO migrations VALUES("20","2018_04_10_090509_create_payment_with_credit_card_table","1");
INSERT INTO migrations VALUES("21","2018_04_13_121436_create_quotation_table","1");
INSERT INTO migrations VALUES("22","2018_04_13_122324_create_product_quotation_table","1");
INSERT INTO migrations VALUES("23","2018_04_14_121802_create_transfers_table","1");
INSERT INTO migrations VALUES("24","2018_04_14_121913_create_product_transfer_table","1");
INSERT INTO migrations VALUES("25","2018_05_13_082847_add_payment_id_and_change_sale_id_to_payments_table","2");
INSERT INTO migrations VALUES("26","2018_05_13_090906_change_customer_id_to_payment_with_credit_card_table","3");
INSERT INTO migrations VALUES("27","2018_05_20_054532_create_adjustments_table","4");
INSERT INTO migrations VALUES("28","2018_05_20_054859_create_product_adjustments_table","4");
INSERT INTO migrations VALUES("29","2018_05_21_163419_create_returns_table","5");
INSERT INTO migrations VALUES("30","2018_05_21_163443_create_product_returns_table","5");
INSERT INTO migrations VALUES("31","2018_06_02_050905_create_roles_table","6");
INSERT INTO migrations VALUES("32","2018_06_02_073430_add_columns_to_users_table","7");
INSERT INTO migrations VALUES("33","2018_06_03_053738_create_permission_tables","8");
INSERT INTO migrations VALUES("36","2018_06_21_063736_create_pos_setting_table","9");
INSERT INTO migrations VALUES("37","2018_06_21_094155_add_user_id_to_sales_table","10");
INSERT INTO migrations VALUES("38","2018_06_21_101529_add_user_id_to_purchases_table","11");
INSERT INTO migrations VALUES("39","2018_06_21_103512_add_user_id_to_transfers_table","12");
INSERT INTO migrations VALUES("40","2018_06_23_061058_add_user_id_to_quotations_table","13");
INSERT INTO migrations VALUES("41","2018_06_23_082427_add_is_deleted_to_users_table","14");
INSERT INTO migrations VALUES("42","2018_06_25_043308_change_email_to_users_table","15");
INSERT INTO migrations VALUES("43","2018_07_06_115449_create_general_settings_table","16");
INSERT INTO migrations VALUES("44","2018_07_08_043944_create_languages_table","17");
INSERT INTO migrations VALUES("45","2018_07_11_102144_add_user_id_to_returns_table","18");
INSERT INTO migrations VALUES("46","2018_07_11_102334_add_user_id_to_payments_table","18");
INSERT INTO migrations VALUES("47","2018_07_22_130541_add_digital_to_products_table","19");
INSERT INTO migrations VALUES("49","2018_07_24_154250_create_deliveries_table","20");
INSERT INTO migrations VALUES("50","2018_08_16_053336_create_expense_categories_table","21");
INSERT INTO migrations VALUES("51","2018_08_17_115415_create_expenses_table","22");
INSERT INTO migrations VALUES("55","2018_08_18_050418_create_gift_cards_table","23");
INSERT INTO migrations VALUES("56","2018_08_19_063119_create_payment_with_gift_card_table","24");
INSERT INTO migrations VALUES("57","2018_08_25_042333_create_gift_card_recharges_table","25");
INSERT INTO migrations VALUES("58","2018_08_25_101354_add_deposit_expense_to_customers_table","26");
INSERT INTO migrations VALUES("59","2018_08_26_043801_create_deposits_table","27");
INSERT INTO migrations VALUES("60","2018_09_02_044042_add_keybord_active_to_pos_setting_table","28");
INSERT INTO migrations VALUES("61","2018_09_09_092713_create_payment_with_paypal_table","29");
INSERT INTO migrations VALUES("62","2018_09_10_051254_add_currency_to_general_settings_table","30");
INSERT INTO migrations VALUES("63","2018_10_22_084118_add_biller_and_store_id_to_users_table","31");
INSERT INTO migrations VALUES("65","2018_10_26_034927_create_coupons_table","32");
INSERT INTO migrations VALUES("66","2018_10_27_090857_add_coupon_to_sales_table","33");
INSERT INTO migrations VALUES("67","2018_11_07_070155_add_currency_position_to_general_settings_table","34");
INSERT INTO migrations VALUES("68","2018_11_19_094650_add_combo_to_products_table","35");
INSERT INTO migrations VALUES("69","2018_12_09_043712_create_accounts_table","36");
INSERT INTO migrations VALUES("70","2018_12_17_112253_add_is_default_to_accounts_table","37");
INSERT INTO migrations VALUES("71","2018_12_19_103941_add_account_id_to_payments_table","38");
INSERT INTO migrations VALUES("72","2018_12_20_065900_add_account_id_to_expenses_table","39");
INSERT INTO migrations VALUES("73","2018_12_20_082753_add_account_id_to_returns_table","40");
INSERT INTO migrations VALUES("74","2018_12_26_064330_create_return_purchases_table","41");
INSERT INTO migrations VALUES("75","2018_12_26_144210_create_purchase_product_return_table","42");
INSERT INTO migrations VALUES("76","2018_12_26_144708_create_purchase_product_return_table","43");
INSERT INTO migrations VALUES("77","2018_12_27_110018_create_departments_table","44");
INSERT INTO migrations VALUES("78","2018_12_30_054844_create_employees_table","45");
INSERT INTO migrations VALUES("79","2018_12_31_125210_create_payrolls_table","46");
INSERT INTO migrations VALUES("80","2018_12_31_150446_add_department_id_to_employees_table","47");
INSERT INTO migrations VALUES("81","2019_01_01_062708_add_user_id_to_expenses_table","48");
INSERT INTO migrations VALUES("82","2019_01_02_075644_create_hrm_settings_table","49");
INSERT INTO migrations VALUES("83","2019_01_02_090334_create_attendances_table","50");
INSERT INTO migrations VALUES("84","2019_01_27_160956_add_three_columns_to_general_settings_table","51");
INSERT INTO migrations VALUES("85","2019_02_15_183303_create_stock_counts_table","52");
INSERT INTO migrations VALUES("86","2019_02_17_101604_add_is_adjusted_to_stock_counts_table","53");
INSERT INTO migrations VALUES("87","2019_04_13_101707_add_tax_no_to_customers_table","54");
INSERT INTO migrations VALUES("89","2019_10_14_111455_create_holidays_table","55");
INSERT INTO migrations VALUES("90","2019_11_13_145619_add_is_variant_to_products_table","56");
INSERT INTO migrations VALUES("91","2019_11_13_150206_create_product_variants_table","57");
INSERT INTO migrations VALUES("92","2019_11_13_153828_create_variants_table","57");
INSERT INTO migrations VALUES("93","2019_11_25_134041_add_qty_to_product_variants_table","58");
INSERT INTO migrations VALUES("94","2019_11_25_134922_add_variant_id_to_product_purchases_table","58");
INSERT INTO migrations VALUES("95","2019_11_25_145341_add_variant_id_to_product_warehouse_table","58");
INSERT INTO migrations VALUES("96","2019_11_29_182201_add_variant_id_to_product_sales_table","59");
INSERT INTO migrations VALUES("97","2019_12_04_121311_add_variant_id_to_product_quotation_table","60");
INSERT INTO migrations VALUES("98","2019_12_05_123802_add_variant_id_to_product_transfer_table","61");
INSERT INTO migrations VALUES("100","2019_12_08_114954_add_variant_id_to_product_returns_table","62");
INSERT INTO migrations VALUES("101","2019_12_08_203146_add_variant_id_to_purchase_product_return_table","63");
INSERT INTO migrations VALUES("102","2020_02_28_103340_create_money_transfers_table","64");
INSERT INTO migrations VALUES("103","2020_07_01_193151_add_image_to_categories_table","65");
INSERT INTO migrations VALUES("105","2020_09_26_130426_add_user_id_to_deliveries_table","66");
INSERT INTO migrations VALUES("107","2020_10_11_125457_create_cash_registers_table","67");
INSERT INTO migrations VALUES("108","2020_10_13_155019_add_cash_register_id_to_sales_table","68");
INSERT INTO migrations VALUES("109","2020_10_13_172624_add_cash_register_id_to_returns_table","69");
INSERT INTO migrations VALUES("110","2020_10_17_212338_add_cash_register_id_to_payments_table","70");
INSERT INTO migrations VALUES("111","2020_10_18_124200_add_cash_register_id_to_expenses_table","71");
INSERT INTO migrations VALUES("112","2020_10_21_121632_add_developed_by_to_general_settings_table","72");
INSERT INTO migrations VALUES("113","2019_08_19_000000_create_failed_jobs_table","73");
INSERT INTO migrations VALUES("114","2020_10_30_135557_create_notifications_table","73");
INSERT INTO migrations VALUES("115","2020_11_01_044954_create_currencies_table","74");
INSERT INTO migrations VALUES("116","2020_11_01_140736_add_price_to_product_warehouse_table","75");
INSERT INTO migrations VALUES("117","2020_11_02_050633_add_is_diff_price_to_products_table","76");
INSERT INTO migrations VALUES("118","2020_11_09_055222_add_user_id_to_customers_table","77");
INSERT INTO migrations VALUES("119","2020_11_17_054806_add_invoice_format_to_general_settings_table","78");
INSERT INTO migrations VALUES("120","2021_02_10_074859_add_variant_id_to_product_adjustments_table","79");
INSERT INTO migrations VALUES("121","2021_03_07_093606_create_product_batches_table","80");
INSERT INTO migrations VALUES("122","2021_03_07_093759_add_product_batch_id_to_product_warehouse_table","80");
INSERT INTO migrations VALUES("123","2021_03_07_093900_add_product_batch_id_to_product_purchases_table","80");
INSERT INTO migrations VALUES("124","2021_03_11_132603_add_product_batch_id_to_product_sales_table","81");
INSERT INTO migrations VALUES("127","2021_03_25_125421_add_is_batch_to_products_table","82");
INSERT INTO migrations VALUES("128","2021_05_19_120127_add_product_batch_id_to_product_returns_table","82");
INSERT INTO migrations VALUES("130","2021_05_22_105611_add_product_batch_id_to_purchase_product_return_table","83");
INSERT INTO migrations VALUES("131","2021_05_23_124848_add_product_batch_id_to_product_transfer_table","84");
INSERT INTO migrations VALUES("132","2021_05_26_153106_add_product_batch_id_to_product_quotation_table","85");
INSERT INTO migrations VALUES("133","2021_06_08_213007_create_reward_point_settings_table","86");
INSERT INTO migrations VALUES("134","2021_06_16_104155_add_points_to_customers_table","87");
INSERT INTO migrations VALUES("135","2021_06_17_101057_add_used_points_to_payments_table","88");
INSERT INTO migrations VALUES("136","2021_07_06_132716_add_variant_list_to_products_table","89");
INSERT INTO migrations VALUES("137","2021_09_27_161141_add_is_imei_to_products_table","90");
INSERT INTO migrations VALUES("138","2021_09_28_170052_add_imei_number_to_product_warehouse_table","91");
INSERT INTO migrations VALUES("139","2021_09_28_170126_add_imei_number_to_product_purchases_table","91");
INSERT INTO migrations VALUES("140","2021_10_03_170652_add_imei_number_to_product_sales_table","92");
INSERT INTO migrations VALUES("141","2021_10_10_145214_add_imei_number_to_product_returns_table","93");
INSERT INTO migrations VALUES("142","2021_10_11_104504_add_imei_number_to_product_transfer_table","94");
INSERT INTO migrations VALUES("143","2021_10_12_160107_add_imei_number_to_purchase_product_return_table","95");
INSERT INTO migrations VALUES("144","2021_10_12_205146_add_is_rtl_to_general_settings_table","96");
INSERT INTO migrations VALUES("145","2021_10_23_142451_add_is_approve_to_payments_table","97");
INSERT INTO migrations VALUES("146","2022_01_13_191242_create_discount_plans_table","97");
INSERT INTO migrations VALUES("147","2022_01_14_174318_create_discount_plan_customers_table","97");
INSERT INTO migrations VALUES("148","2022_01_14_202439_create_discounts_table","98");
INSERT INTO migrations VALUES("149","2022_01_16_153506_create_discount_plan_discounts_table","98");
INSERT INTO migrations VALUES("150","2022_02_05_174210_add_order_discount_type_and_value_to_sales_table","99");



CREATE TABLE `money_transfers` (
  `id` int(10) unsigned NOT NULL AUTO_INCREMENT,
  `reference_no` varchar(191) COLLATE utf8mb4_unicode_ci NOT NULL,
  `from_account_id` int(11) NOT NULL,
  `to_account_id` int(11) NOT NULL,
  `amount` double NOT NULL,
  `created_at` timestamp NULL DEFAULT NULL,
  `updated_at` timestamp NULL DEFAULT NULL,
  PRIMARY KEY (`id`)
) ENGINE=InnoDB DEFAULT CHARSET=utf8mb4 COLLATE=utf8mb4_unicode_ci;




CREATE TABLE `notifications` (
  `id` char(36) COLLATE utf8mb4_unicode_ci NOT NULL,
  `type` varchar(191) COLLATE utf8mb4_unicode_ci NOT NULL,
  `notifiable_type` varchar(191) COLLATE utf8mb4_unicode_ci NOT NULL,
  `notifiable_id` bigint(20) unsigned NOT NULL,
  `data` text COLLATE utf8mb4_unicode_ci NOT NULL,
  `read_at` timestamp NULL DEFAULT NULL,
  `created_at` timestamp NULL DEFAULT NULL,
  `updated_at` timestamp NULL DEFAULT NULL,
  PRIMARY KEY (`id`),
  KEY `notifications_notifiable_type_notifiable_id_index` (`notifiable_type`,`notifiable_id`)
) ENGINE=InnoDB DEFAULT CHARSET=utf8mb4 COLLATE=utf8mb4_unicode_ci;




CREATE TABLE `password_resets` (
  `email` varchar(191) COLLATE utf8mb4_unicode_ci NOT NULL,
  `token` varchar(191) COLLATE utf8mb4_unicode_ci NOT NULL,
  `created_at` timestamp NULL DEFAULT NULL,
  KEY `password_resets_email_index` (`email`)
) ENGINE=InnoDB DEFAULT CHARSET=utf8mb4 COLLATE=utf8mb4_unicode_ci;




CREATE TABLE `payment_with_cheque` (
  `id` int(10) unsigned NOT NULL AUTO_INCREMENT,
  `payment_id` int(11) NOT NULL,
  `cheque_no` varchar(191) COLLATE utf8mb4_unicode_ci NOT NULL,
  `created_at` timestamp NULL DEFAULT NULL,
  `updated_at` timestamp NULL DEFAULT NULL,
  PRIMARY KEY (`id`)
) ENGINE=InnoDB DEFAULT CHARSET=utf8mb4 COLLATE=utf8mb4_unicode_ci;




CREATE TABLE `payment_with_credit_card` (
  `id` int(10) unsigned NOT NULL AUTO_INCREMENT,
  `payment_id` int(11) NOT NULL,
  `customer_id` int(11) DEFAULT NULL,
  `customer_stripe_id` varchar(191) COLLATE utf8mb4_unicode_ci DEFAULT NULL,
  `charge_id` varchar(191) COLLATE utf8mb4_unicode_ci NOT NULL,
  `created_at` timestamp NULL DEFAULT NULL,
  `updated_at` timestamp NULL DEFAULT NULL,
  PRIMARY KEY (`id`)
) ENGINE=InnoDB DEFAULT CHARSET=utf8mb4 COLLATE=utf8mb4_unicode_ci;




CREATE TABLE `payment_with_gift_card` (
  `id` int(10) unsigned NOT NULL AUTO_INCREMENT,
  `payment_id` int(11) NOT NULL,
  `gift_card_id` int(11) NOT NULL,
  `created_at` timestamp NULL DEFAULT NULL,
  `updated_at` timestamp NULL DEFAULT NULL,
  PRIMARY KEY (`id`)
) ENGINE=InnoDB DEFAULT CHARSET=utf8mb4 COLLATE=utf8mb4_unicode_ci;




CREATE TABLE `payment_with_paypal` (
  `id` int(10) unsigned NOT NULL AUTO_INCREMENT,
  `payment_id` int(11) NOT NULL,
  `transaction_id` varchar(191) COLLATE utf8mb4_unicode_ci NOT NULL,
  `created_at` timestamp NULL DEFAULT NULL,
  `updated_at` timestamp NULL DEFAULT NULL,
  PRIMARY KEY (`id`)
) ENGINE=InnoDB DEFAULT CHARSET=utf8mb4 COLLATE=utf8mb4_unicode_ci;




CREATE TABLE `payments` (
  `id` int(10) unsigned NOT NULL AUTO_INCREMENT,
  `payment_reference` varchar(191) COLLATE utf8mb4_unicode_ci NOT NULL,
  `user_id` int(11) NOT NULL,
  `purchase_id` int(11) DEFAULT NULL,
  `sale_id` int(11) DEFAULT NULL,
  `cash_register_id` int(11) DEFAULT NULL,
  `account_id` int(11) NOT NULL,
  `amount` double NOT NULL,
  `used_points` double DEFAULT NULL,
  `change` double NOT NULL,
  `paying_method` varchar(191) COLLATE utf8mb4_unicode_ci NOT NULL,
  `payment_note` text COLLATE utf8mb4_unicode_ci DEFAULT NULL,
  `created_at` timestamp NULL DEFAULT NULL,
  `updated_at` timestamp NULL DEFAULT NULL,
  PRIMARY KEY (`id`)
) ENGINE=InnoDB AUTO_INCREMENT=2 DEFAULT CHARSET=utf8mb4 COLLATE=utf8mb4_unicode_ci;

INSERT INTO payments VALUES("1","spr-20250212-061544","1","","3","2","1","104500","","0","Cash","","2025-02-12 06:15:44","2025-02-12 06:15:44");



CREATE TABLE `payrolls` (
  `id` int(10) unsigned NOT NULL AUTO_INCREMENT,
  `reference_no` varchar(191) COLLATE utf8mb4_unicode_ci NOT NULL,
  `employee_id` int(11) NOT NULL,
  `account_id` int(11) NOT NULL,
  `user_id` int(11) NOT NULL,
  `amount` double NOT NULL,
  `paying_method` varchar(191) COLLATE utf8mb4_unicode_ci NOT NULL,
  `note` text COLLATE utf8mb4_unicode_ci DEFAULT NULL,
  `created_at` timestamp NULL DEFAULT NULL,
  `updated_at` timestamp NULL DEFAULT NULL,
  PRIMARY KEY (`id`)
) ENGINE=InnoDB DEFAULT CHARSET=utf8mb4 COLLATE=utf8mb4_unicode_ci;




CREATE TABLE `permissions` (
  `id` int(10) unsigned NOT NULL AUTO_INCREMENT,
  `name` varchar(191) COLLATE utf8mb4_unicode_ci NOT NULL,
  `guard_name` varchar(191) COLLATE utf8mb4_unicode_ci NOT NULL,
  `created_at` timestamp NULL DEFAULT NULL,
  `updated_at` timestamp NULL DEFAULT NULL,
  PRIMARY KEY (`id`)
) ENGINE=InnoDB AUTO_INCREMENT=112 DEFAULT CHARSET=utf8mb4 COLLATE=utf8mb4_unicode_ci;

INSERT INTO permissions VALUES("4","products-edit","web","2018-06-03 06:30:09","2018-06-03 06:30:09");
INSERT INTO permissions VALUES("5","products-delete","web","2018-06-04 04:24:22","2018-06-04 04:24:22");
INSERT INTO permissions VALUES("6","products-add","web","2018-06-04 06:04:14","2018-06-04 06:04:14");
INSERT INTO permissions VALUES("7","products-index","web","2018-06-04 09:04:27","2018-06-04 09:04:27");
INSERT INTO permissions VALUES("8","purchases-index","web","2018-06-04 13:33:19","2018-06-04 13:33:19");
INSERT INTO permissions VALUES("9","purchases-add","web","2018-06-04 13:42:25","2018-06-04 13:42:25");
INSERT INTO permissions VALUES("10","purchases-edit","web","2018-06-04 15:17:36","2018-06-04 15:17:36");
INSERT INTO permissions VALUES("11","purchases-delete","web","2018-06-04 15:17:36","2018-06-04 15:17:36");
INSERT INTO permissions VALUES("12","sales-index","web","2018-06-04 16:19:08","2018-06-04 16:19:08");
INSERT INTO permissions VALUES("13","sales-add","web","2018-06-04 16:19:52","2018-06-04 16:19:52");
INSERT INTO permissions VALUES("14","sales-edit","web","2018-06-04 16:19:52","2018-06-04 16:19:52");
INSERT INTO permissions VALUES("15","sales-delete","web","2018-06-04 16:19:53","2018-06-04 16:19:53");
INSERT INTO permissions VALUES("16","quotes-index","web","2018-06-05 03:35:10","2018-06-05 03:35:10");
INSERT INTO permissions VALUES("17","quotes-add","web","2018-06-05 03:35:10","2018-06-05 03:35:10");
INSERT INTO permissions VALUES("18","quotes-edit","web","2018-06-05 03:35:10","2018-06-05 03:35:10");
INSERT INTO permissions VALUES("19","quotes-delete","web","2018-06-05 03:35:10","2018-06-05 03:35:10");
INSERT INTO permissions VALUES("20","transfers-index","web","2018-06-05 04:00:03","2018-06-05 04:00:03");
INSERT INTO permissions VALUES("21","transfers-add","web","2018-06-05 04:00:03","2018-06-05 04:00:03");
INSERT INTO permissions VALUES("22","transfers-edit","web","2018-06-05 04:00:03","2018-06-05 04:00:03");
INSERT INTO permissions VALUES("23","transfers-delete","web","2018-06-05 04:00:03","2018-06-05 04:00:03");
INSERT INTO permissions VALUES("24","returns-index","web","2018-06-05 04:20:24","2018-06-05 04:20:24");
INSERT INTO permissions VALUES("25","returns-add","web","2018-06-05 04:20:24","2018-06-05 04:20:24");
INSERT INTO permissions VALUES("26","returns-edit","web","2018-06-05 04:20:25","2018-06-05 04:20:25");
INSERT INTO permissions VALUES("27","returns-delete","web","2018-06-05 04:20:25","2018-06-05 04:20:25");
INSERT INTO permissions VALUES("28","customers-index","web","2018-06-05 04:45:54","2018-06-05 04:45:54");
INSERT INTO permissions VALUES("29","customers-add","web","2018-06-05 04:45:55","2018-06-05 04:45:55");
INSERT INTO permissions VALUES("30","customers-edit","web","2018-06-05 04:45:55","2018-06-05 04:45:55");
INSERT INTO permissions VALUES("31","customers-delete","web","2018-06-05 04:45:55","2018-06-05 04:45:55");
INSERT INTO permissions VALUES("32","suppliers-index","web","2018-06-05 05:10:12","2018-06-05 05:10:12");
INSERT INTO permissions VALUES("33","suppliers-add","web","2018-06-05 05:10:12","2018-06-05 05:10:12");
INSERT INTO permissions VALUES("34","suppliers-edit","web","2018-06-05 05:10:12","2018-06-05 05:10:12");
INSERT INTO permissions VALUES("35","suppliers-delete","web","2018-06-05 05:10:12","2018-06-05 05:10:12");
INSERT INTO permissions VALUES("36","product-report","web","2018-06-25 04:35:33","2018-06-25 04:35:33");
INSERT INTO permissions VALUES("37","purchase-report","web","2018-06-25 04:54:56","2018-06-25 04:54:56");
INSERT INTO permissions VALUES("38","sale-report","web","2018-06-25 05:03:13","2018-06-25 05:03:13");
INSERT INTO permissions VALUES("39","customer-report","web","2018-06-25 05:06:51","2018-06-25 05:06:51");
INSERT INTO permissions VALUES("40","due-report","web","2018-06-25 05:09:52","2018-06-25 05:09:52");
INSERT INTO permissions VALUES("41","users-index","web","2018-06-25 05:30:10","2018-06-25 05:30:10");
INSERT INTO permissions VALUES("42","users-add","web","2018-06-25 05:30:10","2018-06-25 05:30:10");
INSERT INTO permissions VALUES("43","users-edit","web","2018-06-25 05:31:30","2018-06-25 05:31:30");
INSERT INTO permissions VALUES("44","users-delete","web","2018-06-25 05:31:30","2018-06-25 05:31:30");
INSERT INTO permissions VALUES("45","profit-loss","web","2018-07-15 03:20:05","2018-07-15 03:20:05");
INSERT INTO permissions VALUES("46","best-seller","web","2018-07-15 03:31:38","2018-07-15 03:31:38");
INSERT INTO permissions VALUES("47","daily-sale","web","2018-07-15 03:54:21","2018-07-15 03:54:21");
INSERT INTO permissions VALUES("48","monthly-sale","web","2018-07-15 04:00:41","2018-07-15 04:00:41");
INSERT INTO permissions VALUES("49","daily-purchase","web","2018-07-15 04:06:46","2018-07-15 04:06:46");
INSERT INTO permissions VALUES("50","monthly-purchase","web","2018-07-15 04:18:17","2018-07-15 04:18:17");
INSERT INTO permissions VALUES("51","payment-report","web","2018-07-15 04:40:41","2018-07-15 04:40:41");
INSERT INTO permissions VALUES("52","warehouse-stock-report","web","2018-07-15 04:46:55","2018-07-15 04:46:55");
INSERT INTO permissions VALUES("53","product-qty-alert","web","2018-07-15 05:03:21","2018-07-15 05:03:21");
INSERT INTO permissions VALUES("54","supplier-report","web","2018-07-30 08:30:01","2018-07-30 08:30:01");
INSERT INTO permissions VALUES("55","expenses-index","web","2018-09-05 06:37:10","2018-09-05 06:37:10");
INSERT INTO permissions VALUES("56","expenses-add","web","2018-09-05 06:37:10","2018-09-05 06:37:10");
INSERT INTO permissions VALUES("57","expenses-edit","web","2018-09-05 06:37:10","2018-09-05 06:37:10");
INSERT INTO permissions VALUES("58","expenses-delete","web","2018-09-05 06:37:11","2018-09-05 06:37:11");
INSERT INTO permissions VALUES("59","general_setting","web","2018-10-20 04:40:04","2018-10-20 04:40:04");
INSERT INTO permissions VALUES("60","mail_setting","web","2018-10-20 04:40:04","2018-10-20 04:40:04");
INSERT INTO permissions VALUES("61","pos_setting","web","2018-10-20 04:40:04","2018-10-20 04:40:04");
INSERT INTO permissions VALUES("62","hrm_setting","web","2019-01-02 16:00:23","2019-01-02 16:00:23");
INSERT INTO permissions VALUES("63","purchase-return-index","web","2019-01-03 03:15:14","2019-01-03 03:15:14");
INSERT INTO permissions VALUES("64","purchase-return-add","web","2019-01-03 03:15:14","2019-01-03 03:15:14");
INSERT INTO permissions VALUES("65","purchase-return-edit","web","2019-01-03 03:15:14","2019-01-03 03:15:14");
INSERT INTO permissions VALUES("66","purchase-return-delete","web","2019-01-03 03:15:14","2019-01-03 03:15:14");
INSERT INTO permissions VALUES("67","account-index","web","2019-01-03 03:36:13","2019-01-03 03:36:13");
INSERT INTO permissions VALUES("68","balance-sheet","web","2019-01-03 03:36:14","2019-01-03 03:36:14");
INSERT INTO permissions VALUES("69","account-statement","web","2019-01-03 03:36:14","2019-01-03 03:36:14");
INSERT INTO permissions VALUES("70","department","web","2019-01-03 04:00:01","2019-01-03 04:00:01");
INSERT INTO permissions VALUES("71","attendance","web","2019-01-03 04:00:01","2019-01-03 04:00:01");
INSERT INTO permissions VALUES("72","payroll","web","2019-01-03 04:00:01","2019-01-03 04:00:01");
INSERT INTO permissions VALUES("73","employees-index","web","2019-01-03 04:22:19","2019-01-03 04:22:19");
INSERT INTO permissions VALUES("74","employees-add","web","2019-01-03 04:22:19","2019-01-03 04:22:19");
INSERT INTO permissions VALUES("75","employees-edit","web","2019-01-03 04:22:19","2019-01-03 04:22:19");
INSERT INTO permissions VALUES("76","employees-delete","web","2019-01-03 04:22:19","2019-01-03 04:22:19");
INSERT INTO permissions VALUES("77","user-report","web","2019-01-16 12:18:18","2019-01-16 12:18:18");
INSERT INTO permissions VALUES("78","stock_count","web","2019-02-17 16:02:01","2019-02-17 16:02:01");
INSERT INTO permissions VALUES("79","adjustment","web","2019-02-17 16:02:02","2019-02-17 16:02:02");
INSERT INTO permissions VALUES("80","sms_setting","web","2019-02-22 10:48:03","2019-02-22 10:48:03");
INSERT INTO permissions VALUES("81","create_sms","web","2019-02-22 10:48:03","2019-02-22 10:48:03");
INSERT INTO permissions VALUES("82","print_barcode","web","2019-03-07 10:32:19","2019-03-07 10:32:19");
INSERT INTO permissions VALUES("83","empty_database","web","2019-03-07 10:32:19","2019-03-07 10:32:19");
INSERT INTO permissions VALUES("84","customer_group","web","2019-03-07 11:07:15","2019-03-07 11:07:15");
INSERT INTO permissions VALUES("85","unit","web","2019-03-07 11:07:15","2019-03-07 11:07:15");
INSERT INTO permissions VALUES("86","tax","web","2019-03-07 11:07:15","2019-03-07 11:07:15");
INSERT INTO permissions VALUES("87","gift_card","web","2019-03-07 11:59:38","2019-03-07 11:59:38");
INSERT INTO permissions VALUES("88","coupon","web","2019-03-07 11:59:38","2019-03-07 11:59:38");
INSERT INTO permissions VALUES("89","holiday","web","2019-10-19 14:27:15","2019-10-19 14:27:15");
INSERT INTO permissions VALUES("90","warehouse-report","web","2019-10-22 11:30:23","2019-10-22 11:30:23");
INSERT INTO permissions VALUES("91","warehouse","web","2020-02-26 12:17:32","2020-02-26 12:17:32");
INSERT INTO permissions VALUES("92","brand","web","2020-02-26 12:29:59","2020-02-26 12:29:59");
INSERT INTO permissions VALUES("93","billers-index","web","2020-02-26 12:41:15","2020-02-26 12:41:15");
INSERT INTO permissions VALUES("94","billers-add","web","2020-02-26 12:41:15","2020-02-26 12:41:15");
INSERT INTO permissions VALUES("95","billers-edit","web","2020-02-26 12:41:15","2020-02-26 12:41:15");
INSERT INTO permissions VALUES("96","billers-delete","web","2020-02-26 12:41:15","2020-02-26 12:41:15");
INSERT INTO permissions VALUES("97","money-transfer","web","2020-03-02 11:11:48","2020-03-02 11:11:48");
INSERT INTO permissions VALUES("98","category","web","2020-07-13 17:43:16","2020-07-13 17:43:16");
INSERT INTO permissions VALUES("99","delivery","web","2020-07-13 17:43:16","2020-07-13 17:43:16");
INSERT INTO permissions VALUES("100","send_notification","web","2020-10-31 11:51:31","2020-10-31 11:51:31");
INSERT INTO permissions VALUES("101","today_sale","web","2020-10-31 12:27:04","2020-10-31 12:27:04");
INSERT INTO permissions VALUES("102","today_profit","web","2020-10-31 12:27:04","2020-10-31 12:27:04");
INSERT INTO permissions VALUES("103","currency","web","2020-11-09 05:53:11","2020-11-09 05:53:11");
INSERT INTO permissions VALUES("104","backup_database","web","2020-11-15 05:46:55","2020-11-15 05:46:55");
INSERT INTO permissions VALUES("105","reward_point_setting","web","2021-06-27 10:04:42","2021-06-27 10:04:42");
INSERT INTO permissions VALUES("106","revenue_profit_summary","web","2022-02-08 19:27:21","2022-02-08 19:27:21");
INSERT INTO permissions VALUES("107","cash_flow","web","2022-02-08 19:27:22","2022-02-08 19:27:22");
INSERT INTO permissions VALUES("108","monthly_summary","web","2022-02-08 19:27:22","2022-02-08 19:27:22");
INSERT INTO permissions VALUES("109","yearly_report","web","2022-02-08 19:27:22","2022-02-08 19:27:22");
INSERT INTO permissions VALUES("110","discount_plan","web","2022-02-16 14:42:26","2022-02-16 14:42:26");
INSERT INTO permissions VALUES("111","discount","web","2022-02-16 14:42:38","2022-02-16 14:42:38");



CREATE TABLE `pos_setting` (
  `id` int(11) NOT NULL,
  `customer_id` int(11) NOT NULL,
  `warehouse_id` int(11) NOT NULL,
  `biller_id` int(11) NOT NULL,
  `product_number` int(11) NOT NULL,
  `keybord_active` tinyint(1) NOT NULL,
  `stripe_public_key` varchar(191) COLLATE utf8mb4_unicode_ci DEFAULT NULL,
  `stripe_secret_key` varchar(191) COLLATE utf8mb4_unicode_ci NOT NULL,
  `created_at` timestamp NULL DEFAULT NULL,
  `updated_at` timestamp NULL DEFAULT NULL,
  UNIQUE KEY `pos_setting_id_unique` (`id`)
) ENGINE=InnoDB DEFAULT CHARSET=utf8mb4 COLLATE=utf8mb4_unicode_ci;

INSERT INTO pos_setting VALUES("1","11","2","1","4","0","pk_test_ITN7KOYiIsHSCQ0UMRcgaYUB","sk_test_TtQQaawhEYRwa3mU9CzttrEy","2018-09-02 03:17:04","2020-04-17 13:59:54");



CREATE TABLE `product_adjustments` (
  `id` int(10) unsigned NOT NULL AUTO_INCREMENT,
  `adjustment_id` int(11) NOT NULL,
  `product_id` int(11) NOT NULL,
  `variant_id` int(11) DEFAULT NULL,
  `qty` double NOT NULL,
  `action` varchar(191) COLLATE utf8mb4_unicode_ci NOT NULL,
  `created_at` timestamp NULL DEFAULT NULL,
  `updated_at` timestamp NULL DEFAULT NULL,
  PRIMARY KEY (`id`)
) ENGINE=InnoDB DEFAULT CHARSET=utf8mb4 COLLATE=utf8mb4_unicode_ci;




CREATE TABLE `product_batches` (
  `id` bigint(20) unsigned NOT NULL AUTO_INCREMENT,
  `product_id` int(11) NOT NULL,
  `batch_no` varchar(191) COLLATE utf8mb4_unicode_ci NOT NULL,
  `expired_date` date NOT NULL,
  `qty` double NOT NULL,
  `created_at` timestamp NULL DEFAULT NULL,
  `updated_at` timestamp NULL DEFAULT NULL,
  PRIMARY KEY (`id`)
) ENGINE=InnoDB DEFAULT CHARSET=utf8mb4 COLLATE=utf8mb4_unicode_ci;




CREATE TABLE `product_purchases` (
  `id` int(10) unsigned NOT NULL AUTO_INCREMENT,
  `purchase_id` int(11) NOT NULL,
  `product_id` int(11) NOT NULL,
  `product_batch_id` int(11) DEFAULT NULL,
  `variant_id` int(11) DEFAULT NULL,
  `imei_number` text COLLATE utf8mb4_unicode_ci DEFAULT NULL,
  `qty` double NOT NULL,
  `recieved` double NOT NULL,
  `purchase_unit_id` int(11) NOT NULL,
  `net_unit_cost` double NOT NULL,
  `discount` double NOT NULL,
  `tax_rate` double NOT NULL,
  `tax` double NOT NULL,
  `total` double NOT NULL,
  `created_at` timestamp NULL DEFAULT NULL,
  `updated_at` timestamp NULL DEFAULT NULL,
  PRIMARY KEY (`id`)
) ENGINE=InnoDB AUTO_INCREMENT=3 DEFAULT CHARSET=utf8mb4 COLLATE=utf8mb4_unicode_ci;

INSERT INTO product_purchases VALUES("1","1","2","","","","10","10","1","75000","0","0","0","750000","2025-02-12 05:44:05","2025-02-12 05:44:05");
INSERT INTO product_purchases VALUES("2","1","3","","","","10","10","1","80000","0","0","0","800000","2025-02-12 05:47:39","2025-02-12 05:47:39");



CREATE TABLE `product_quotation` (
  `id` int(10) unsigned NOT NULL AUTO_INCREMENT,
  `quotation_id` int(11) NOT NULL,
  `product_id` int(11) NOT NULL,
  `product_batch_id` int(11) DEFAULT NULL,
  `variant_id` int(11) DEFAULT NULL,
  `qty` double NOT NULL,
  `sale_unit_id` int(11) NOT NULL,
  `net_unit_price` double NOT NULL,
  `discount` double NOT NULL,
  `tax_rate` double NOT NULL,
  `tax` double NOT NULL,
  `total` double NOT NULL,
  `created_at` timestamp NULL DEFAULT NULL,
  `updated_at` timestamp NULL DEFAULT NULL,
  PRIMARY KEY (`id`)
) ENGINE=InnoDB DEFAULT CHARSET=utf8mb4 COLLATE=utf8mb4_unicode_ci;




CREATE TABLE `product_returns` (
  `id` int(10) unsigned NOT NULL AUTO_INCREMENT,
  `return_id` int(11) NOT NULL,
  `product_id` int(11) NOT NULL,
  `product_batch_id` int(11) DEFAULT NULL,
  `variant_id` int(11) DEFAULT NULL,
  `imei_number` text COLLATE utf8mb4_unicode_ci DEFAULT NULL,
  `qty` double NOT NULL,
  `sale_unit_id` int(11) NOT NULL,
  `net_unit_price` double NOT NULL,
  `discount` double NOT NULL,
  `tax_rate` double NOT NULL,
  `tax` double NOT NULL,
  `total` double NOT NULL,
  `created_at` timestamp NULL DEFAULT NULL,
  `updated_at` timestamp NULL DEFAULT NULL,
  PRIMARY KEY (`id`)
) ENGINE=InnoDB DEFAULT CHARSET=utf8mb4 COLLATE=utf8mb4_unicode_ci;




CREATE TABLE `product_sales` (
  `id` int(10) unsigned NOT NULL AUTO_INCREMENT,
  `sale_id` int(11) NOT NULL,
  `product_id` int(11) NOT NULL,
  `product_batch_id` int(11) DEFAULT NULL,
  `variant_id` int(11) DEFAULT NULL,
  `imei_number` text COLLATE utf8mb4_unicode_ci DEFAULT NULL,
  `qty` double NOT NULL,
  `sale_unit_id` int(11) NOT NULL,
  `net_unit_price` double NOT NULL,
  `discount` double NOT NULL,
  `tax_rate` double NOT NULL,
  `tax` double NOT NULL,
  `total` double NOT NULL,
  `created_at` timestamp NULL DEFAULT NULL,
  `updated_at` timestamp NULL DEFAULT NULL,
  PRIMARY KEY (`id`)
) ENGINE=InnoDB AUTO_INCREMENT=4 DEFAULT CHARSET=utf8mb4 COLLATE=utf8mb4_unicode_ci;

INSERT INTO product_sales VALUES("1","1","3","","","","1","1","110000","0","0","0","110000","2025-02-12 06:13:11","2025-02-12 06:13:11");
INSERT INTO product_sales VALUES("2","2","3","","","","1","1","110000","0","0","0","110000","2025-02-12 06:14:00","2025-02-12 06:14:00");
INSERT INTO product_sales VALUES("3","3","3","","","","1","1","110000","0","0","0","110000","2025-02-12 06:15:44","2025-02-12 06:15:44");



CREATE TABLE `product_transfer` (
  `id` int(10) unsigned NOT NULL AUTO_INCREMENT,
  `transfer_id` int(11) NOT NULL,
  `product_id` int(11) NOT NULL,
  `product_batch_id` int(11) DEFAULT NULL,
  `variant_id` int(11) DEFAULT NULL,
  `imei_number` text COLLATE utf8mb4_unicode_ci DEFAULT NULL,
  `qty` double NOT NULL,
  `purchase_unit_id` int(11) NOT NULL,
  `net_unit_cost` double NOT NULL,
  `tax_rate` double NOT NULL,
  `tax` double NOT NULL,
  `total` double NOT NULL,
  `created_at` timestamp NULL DEFAULT NULL,
  `updated_at` timestamp NULL DEFAULT NULL,
  PRIMARY KEY (`id`)
) ENGINE=InnoDB DEFAULT CHARSET=utf8mb4 COLLATE=utf8mb4_unicode_ci;




CREATE TABLE `product_variants` (
  `id` int(10) unsigned NOT NULL AUTO_INCREMENT,
  `product_id` int(11) NOT NULL,
  `variant_id` int(11) NOT NULL,
  `position` int(11) NOT NULL,
  `item_code` varchar(191) COLLATE utf8mb4_unicode_ci NOT NULL,
  `additional_price` double DEFAULT NULL,
  `qty` double NOT NULL,
  `created_at` timestamp NULL DEFAULT NULL,
  `updated_at` timestamp NULL DEFAULT NULL,
  PRIMARY KEY (`id`)
) ENGINE=InnoDB DEFAULT CHARSET=utf8mb4 COLLATE=utf8mb4_unicode_ci;




CREATE TABLE `product_warehouse` (
  `id` int(10) unsigned NOT NULL AUTO_INCREMENT,
  `product_id` varchar(191) COLLATE utf8mb4_unicode_ci NOT NULL,
  `product_batch_id` int(11) DEFAULT NULL,
  `variant_id` int(11) DEFAULT NULL,
  `imei_number` text COLLATE utf8mb4_unicode_ci DEFAULT NULL,
  `warehouse_id` int(11) NOT NULL,
  `qty` double NOT NULL,
  `price` double DEFAULT NULL,
  `created_at` timestamp NULL DEFAULT NULL,
  `updated_at` timestamp NULL DEFAULT NULL,
  PRIMARY KEY (`id`)
) ENGINE=InnoDB AUTO_INCREMENT=3 DEFAULT CHARSET=utf8mb4 COLLATE=utf8mb4_unicode_ci;

INSERT INTO product_warehouse VALUES("1","2","","","","8","10","","2025-02-12 05:44:04","2025-02-12 05:44:04");
INSERT INTO product_warehouse VALUES("2","3","","","","8","7","","2025-02-12 05:47:39","2025-02-12 06:15:44");



CREATE TABLE `products` (
  `id` int(10) unsigned NOT NULL AUTO_INCREMENT,
  `name` varchar(191) COLLATE utf8mb4_unicode_ci NOT NULL,
  `code` varchar(191) COLLATE utf8mb4_unicode_ci NOT NULL,
  `type` varchar(191) COLLATE utf8mb4_unicode_ci NOT NULL,
  `barcode_symbology` varchar(191) COLLATE utf8mb4_unicode_ci NOT NULL,
  `brand_id` int(11) DEFAULT NULL,
  `category_id` int(11) NOT NULL,
  `unit_id` int(11) NOT NULL,
  `purchase_unit_id` int(11) NOT NULL,
  `sale_unit_id` int(11) NOT NULL,
  `cost` varchar(191) COLLATE utf8mb4_unicode_ci NOT NULL,
  `price` varchar(191) COLLATE utf8mb4_unicode_ci NOT NULL,
  `qty` double DEFAULT NULL,
  `alert_quantity` double DEFAULT NULL,
  `promotion` tinyint(4) DEFAULT NULL,
  `promotion_price` varchar(191) COLLATE utf8mb4_unicode_ci DEFAULT NULL,
  `starting_date` varchar(200) COLLATE utf8mb4_unicode_ci DEFAULT NULL,
  `last_date` date DEFAULT NULL,
  `tax_id` int(11) DEFAULT NULL,
  `tax_method` int(11) DEFAULT NULL,
  `image` longtext COLLATE utf8mb4_unicode_ci DEFAULT NULL,
  `file` varchar(191) COLLATE utf8mb4_unicode_ci DEFAULT NULL,
  `is_variant` tinyint(1) DEFAULT NULL,
  `is_batch` tinyint(1) DEFAULT NULL,
  `is_diffPrice` tinyint(1) DEFAULT NULL,
  `is_imei` tinyint(1) DEFAULT NULL,
  `featured` tinyint(4) DEFAULT NULL,
  `product_list` varchar(191) COLLATE utf8mb4_unicode_ci DEFAULT NULL,
  `variant_list` varchar(191) COLLATE utf8mb4_unicode_ci DEFAULT NULL,
  `qty_list` varchar(191) COLLATE utf8mb4_unicode_ci DEFAULT NULL,
  `size` int(11) DEFAULT NULL,
  `price_list` varchar(191) COLLATE utf8mb4_unicode_ci DEFAULT NULL,
  `product_details` text COLLATE utf8mb4_unicode_ci DEFAULT NULL,
  `is_active` tinyint(1) DEFAULT NULL,
  `created_at` timestamp NULL DEFAULT NULL,
  `updated_at` timestamp NULL DEFAULT NULL,
  PRIMARY KEY (`id`)
) ENGINE=InnoDB AUTO_INCREMENT=4 DEFAULT CHARSET=utf8mb4 COLLATE=utf8mb4_unicode_ci;

INSERT INTO products VALUES("2","11 pro","125622","standard","C128","2","6","1","1","1","75000","95000","10","10","","","","","","1","1739338754571Technical-Partners.jpeg","","","","","1","","","","","10","","","1","2025-02-12 05:39:20","2025-02-12 05:44:04");
INSERT INTO products VALUES("3","12 pro","8454515","standard","C128","3","6","1","1","1","80000","110000","7","10","","","","","","1","17393392255822.png","","","","","1","","","","","10","","","1","2025-02-12 05:47:10","2025-02-12 06:15:44");



CREATE TABLE `purchase_product_return` (
  `id` int(10) unsigned NOT NULL AUTO_INCREMENT,
  `return_id` int(11) NOT NULL,
  `product_id` int(11) NOT NULL,
  `product_batch_id` int(11) DEFAULT NULL,
  `variant_id` int(11) DEFAULT NULL,
  `imei_number` text COLLATE utf8mb4_unicode_ci DEFAULT NULL,
  `qty` double NOT NULL,
  `purchase_unit_id` int(11) NOT NULL,
  `net_unit_cost` double NOT NULL,
  `discount` double NOT NULL,
  `tax_rate` double NOT NULL,
  `tax` double NOT NULL,
  `total` double NOT NULL,
  `created_at` timestamp NULL DEFAULT NULL,
  `updated_at` timestamp NULL DEFAULT NULL,
  PRIMARY KEY (`id`)
) ENGINE=InnoDB DEFAULT CHARSET=utf8mb4 COLLATE=utf8mb4_unicode_ci;




CREATE TABLE `purchases` (
  `id` int(10) unsigned NOT NULL AUTO_INCREMENT,
  `reference_no` varchar(191) COLLATE utf8mb4_unicode_ci NOT NULL,
  `user_id` int(11) NOT NULL,
  `warehouse_id` int(11) NOT NULL,
  `supplier_id` int(11) DEFAULT NULL,
  `item` int(11) NOT NULL,
  `total_qty` double NOT NULL,
  `total_discount` double NOT NULL,
  `total_tax` double NOT NULL,
  `total_cost` double NOT NULL,
  `order_tax_rate` double DEFAULT NULL,
  `order_tax` double DEFAULT NULL,
  `order_discount` double DEFAULT NULL,
  `shipping_cost` double DEFAULT NULL,
  `grand_total` double NOT NULL,
  `paid_amount` double NOT NULL,
  `status` int(11) NOT NULL,
  `payment_status` int(11) NOT NULL,
  `document` varchar(191) COLLATE utf8mb4_unicode_ci DEFAULT NULL,
  `note` text COLLATE utf8mb4_unicode_ci DEFAULT NULL,
  `created_at` timestamp NULL DEFAULT NULL,
  `updated_at` timestamp NULL DEFAULT NULL,
  PRIMARY KEY (`id`)
) ENGINE=InnoDB AUTO_INCREMENT=3 DEFAULT CHARSET=utf8mb4 COLLATE=utf8mb4_unicode_ci;

INSERT INTO purchases VALUES("1","pr-20250212-054404","1","8","1","1","10","0","0","750000","0","0","","","750000","0","1","1","","","2025-02-12 00:00:00","2025-02-12 05:44:04");
INSERT INTO purchases VALUES("2","pr-20250212-054739","1","8","1","1","10","0","0","800000","0","0","","","800000","0","1","1","","","2025-02-12 00:00:00","2025-02-12 05:47:39");



CREATE TABLE `quotations` (
  `id` int(10) unsigned NOT NULL AUTO_INCREMENT,
  `reference_no` varchar(191) COLLATE utf8mb4_unicode_ci NOT NULL,
  `user_id` int(11) NOT NULL,
  `biller_id` int(11) NOT NULL,
  `supplier_id` int(11) DEFAULT NULL,
  `customer_id` int(11) NOT NULL,
  `warehouse_id` int(11) NOT NULL,
  `item` int(11) NOT NULL,
  `total_qty` double NOT NULL,
  `total_discount` double NOT NULL,
  `total_tax` double NOT NULL,
  `total_price` double NOT NULL,
  `order_tax_rate` double DEFAULT NULL,
  `order_tax` double DEFAULT NULL,
  `order_discount` double DEFAULT NULL,
  `shipping_cost` double DEFAULT NULL,
  `grand_total` double NOT NULL,
  `quotation_status` int(11) NOT NULL,
  `document` varchar(191) COLLATE utf8mb4_unicode_ci DEFAULT NULL,
  `note` text COLLATE utf8mb4_unicode_ci DEFAULT NULL,
  `created_at` timestamp NULL DEFAULT NULL,
  `updated_at` timestamp NULL DEFAULT NULL,
  PRIMARY KEY (`id`)
) ENGINE=InnoDB DEFAULT CHARSET=utf8mb4 COLLATE=utf8mb4_unicode_ci;




CREATE TABLE `return_purchases` (
  `id` int(10) unsigned NOT NULL AUTO_INCREMENT,
  `reference_no` varchar(191) COLLATE utf8mb4_unicode_ci NOT NULL,
  `supplier_id` int(11) DEFAULT NULL,
  `warehouse_id` int(11) NOT NULL,
  `user_id` int(11) NOT NULL,
  `account_id` int(11) NOT NULL,
  `item` int(11) NOT NULL,
  `total_qty` double NOT NULL,
  `total_discount` double NOT NULL,
  `total_tax` double NOT NULL,
  `total_cost` double NOT NULL,
  `order_tax_rate` double DEFAULT NULL,
  `order_tax` double DEFAULT NULL,
  `grand_total` double NOT NULL,
  `document` varchar(191) COLLATE utf8mb4_unicode_ci DEFAULT NULL,
  `return_note` text COLLATE utf8mb4_unicode_ci DEFAULT NULL,
  `staff_note` text COLLATE utf8mb4_unicode_ci DEFAULT NULL,
  `created_at` timestamp NULL DEFAULT NULL,
  `updated_at` timestamp NULL DEFAULT NULL,
  PRIMARY KEY (`id`)
) ENGINE=InnoDB DEFAULT CHARSET=utf8mb4 COLLATE=utf8mb4_unicode_ci;




CREATE TABLE `returns` (
  `id` int(10) unsigned NOT NULL AUTO_INCREMENT,
  `reference_no` varchar(191) COLLATE utf8mb4_unicode_ci NOT NULL,
  `user_id` int(11) NOT NULL,
  `cash_register_id` int(11) DEFAULT NULL,
  `customer_id` int(11) NOT NULL,
  `warehouse_id` int(11) NOT NULL,
  `biller_id` int(11) NOT NULL,
  `account_id` int(11) NOT NULL,
  `item` int(11) NOT NULL,
  `total_qty` double NOT NULL,
  `total_discount` double NOT NULL,
  `total_tax` double NOT NULL,
  `total_price` double NOT NULL,
  `order_tax_rate` double DEFAULT NULL,
  `order_tax` double DEFAULT NULL,
  `grand_total` double NOT NULL,
  `document` varchar(191) COLLATE utf8mb4_unicode_ci DEFAULT NULL,
  `return_note` text COLLATE utf8mb4_unicode_ci DEFAULT NULL,
  `staff_note` text COLLATE utf8mb4_unicode_ci DEFAULT NULL,
  `created_at` timestamp NULL DEFAULT NULL,
  `updated_at` timestamp NULL DEFAULT NULL,
  PRIMARY KEY (`id`)
) ENGINE=InnoDB DEFAULT CHARSET=utf8mb4 COLLATE=utf8mb4_unicode_ci;




CREATE TABLE `reward_point_settings` (
  `id` bigint(20) unsigned NOT NULL AUTO_INCREMENT,
  `per_point_amount` double NOT NULL,
  `minimum_amount` double NOT NULL,
  `duration` int(11) DEFAULT NULL,
  `type` varchar(191) COLLATE utf8mb4_unicode_ci DEFAULT NULL,
  `is_active` tinyint(1) NOT NULL,
  `created_at` timestamp NULL DEFAULT NULL,
  `updated_at` timestamp NULL DEFAULT NULL,
  PRIMARY KEY (`id`)
) ENGINE=InnoDB AUTO_INCREMENT=2 DEFAULT CHARSET=utf8mb4 COLLATE=utf8mb4_unicode_ci;

INSERT INTO reward_point_settings VALUES("1","300","1000","1","Year","1","2021-06-08 09:40:15","2021-06-26 23:20:55");



CREATE TABLE `role_has_permissions` (
  `permission_id` int(10) unsigned NOT NULL,
  `role_id` int(10) unsigned NOT NULL,
  PRIMARY KEY (`permission_id`,`role_id`),
  KEY `role_has_permissions_role_id_foreign` (`role_id`),
  CONSTRAINT `role_has_permissions_permission_id_foreign` FOREIGN KEY (`permission_id`) REFERENCES `permissions` (`id`) ON DELETE CASCADE,
  CONSTRAINT `role_has_permissions_role_id_foreign` FOREIGN KEY (`role_id`) REFERENCES `roles` (`id`) ON DELETE CASCADE
) ENGINE=InnoDB DEFAULT CHARSET=utf8mb4 COLLATE=utf8mb4_unicode_ci;

INSERT INTO role_has_permissions VALUES("4","1");
INSERT INTO role_has_permissions VALUES("4","2");
INSERT INTO role_has_permissions VALUES("4","4");
INSERT INTO role_has_permissions VALUES("5","1");
INSERT INTO role_has_permissions VALUES("5","2");
INSERT INTO role_has_permissions VALUES("6","1");
INSERT INTO role_has_permissions VALUES("6","2");
INSERT INTO role_has_permissions VALUES("6","4");
INSERT INTO role_has_permissions VALUES("7","1");
INSERT INTO role_has_permissions VALUES("7","2");
INSERT INTO role_has_permissions VALUES("7","4");
INSERT INTO role_has_permissions VALUES("8","1");
INSERT INTO role_has_permissions VALUES("8","2");
INSERT INTO role_has_permissions VALUES("8","4");
INSERT INTO role_has_permissions VALUES("9","1");
INSERT INTO role_has_permissions VALUES("9","2");
INSERT INTO role_has_permissions VALUES("9","4");
INSERT INTO role_has_permissions VALUES("10","1");
INSERT INTO role_has_permissions VALUES("10","2");
INSERT INTO role_has_permissions VALUES("11","1");
INSERT INTO role_has_permissions VALUES("11","2");
INSERT INTO role_has_permissions VALUES("12","1");
INSERT INTO role_has_permissions VALUES("12","2");
INSERT INTO role_has_permissions VALUES("12","4");
INSERT INTO role_has_permissions VALUES("13","1");
INSERT INTO role_has_permissions VALUES("13","2");
INSERT INTO role_has_permissions VALUES("13","4");
INSERT INTO role_has_permissions VALUES("14","1");
INSERT INTO role_has_permissions VALUES("14","2");
INSERT INTO role_has_permissions VALUES("15","1");
INSERT INTO role_has_permissions VALUES("15","2");
INSERT INTO role_has_permissions VALUES("16","1");
INSERT INTO role_has_permissions VALUES("16","2");
INSERT INTO role_has_permissions VALUES("17","1");
INSERT INTO role_has_permissions VALUES("17","2");
INSERT INTO role_has_permissions VALUES("18","1");
INSERT INTO role_has_permissions VALUES("18","2");
INSERT INTO role_has_permissions VALUES("19","1");
INSERT INTO role_has_permissions VALUES("19","2");
INSERT INTO role_has_permissions VALUES("20","1");
INSERT INTO role_has_permissions VALUES("20","2");
INSERT INTO role_has_permissions VALUES("20","4");
INSERT INTO role_has_permissions VALUES("21","1");
INSERT INTO role_has_permissions VALUES("21","2");
INSERT INTO role_has_permissions VALUES("21","4");
INSERT INTO role_has_permissions VALUES("22","1");
INSERT INTO role_has_permissions VALUES("22","2");
INSERT INTO role_has_permissions VALUES("22","4");
INSERT INTO role_has_permissions VALUES("23","1");
INSERT INTO role_has_permissions VALUES("23","2");
INSERT INTO role_has_permissions VALUES("24","1");
INSERT INTO role_has_permissions VALUES("24","2");
INSERT INTO role_has_permissions VALUES("24","4");
INSERT INTO role_has_permissions VALUES("25","1");
INSERT INTO role_has_permissions VALUES("25","2");
INSERT INTO role_has_permissions VALUES("25","4");
INSERT INTO role_has_permissions VALUES("26","1");
INSERT INTO role_has_permissions VALUES("26","2");
INSERT INTO role_has_permissions VALUES("27","1");
INSERT INTO role_has_permissions VALUES("27","2");
INSERT INTO role_has_permissions VALUES("28","1");
INSERT INTO role_has_permissions VALUES("28","2");
INSERT INTO role_has_permissions VALUES("28","4");
INSERT INTO role_has_permissions VALUES("29","1");
INSERT INTO role_has_permissions VALUES("29","2");
INSERT INTO role_has_permissions VALUES("29","4");
INSERT INTO role_has_permissions VALUES("30","1");
INSERT INTO role_has_permissions VALUES("30","2");
INSERT INTO role_has_permissions VALUES("31","1");
INSERT INTO role_has_permissions VALUES("31","2");
INSERT INTO role_has_permissions VALUES("32","1");
INSERT INTO role_has_permissions VALUES("32","2");
INSERT INTO role_has_permissions VALUES("33","1");
INSERT INTO role_has_permissions VALUES("33","2");
INSERT INTO role_has_permissions VALUES("34","1");
INSERT INTO role_has_permissions VALUES("34","2");
INSERT INTO role_has_permissions VALUES("35","1");
INSERT INTO role_has_permissions VALUES("35","2");
INSERT INTO role_has_permissions VALUES("36","1");
INSERT INTO role_has_permissions VALUES("36","2");
INSERT INTO role_has_permissions VALUES("37","1");
INSERT INTO role_has_permissions VALUES("37","2");
INSERT INTO role_has_permissions VALUES("38","1");
INSERT INTO role_has_permissions VALUES("38","2");
INSERT INTO role_has_permissions VALUES("39","1");
INSERT INTO role_has_permissions VALUES("39","2");
INSERT INTO role_has_permissions VALUES("40","1");
INSERT INTO role_has_permissions VALUES("40","2");
INSERT INTO role_has_permissions VALUES("41","1");
INSERT INTO role_has_permissions VALUES("41","2");
INSERT INTO role_has_permissions VALUES("42","1");
INSERT INTO role_has_permissions VALUES("42","2");
INSERT INTO role_has_permissions VALUES("43","1");
INSERT INTO role_has_permissions VALUES("43","2");
INSERT INTO role_has_permissions VALUES("44","1");
INSERT INTO role_has_permissions VALUES("44","2");
INSERT INTO role_has_permissions VALUES("45","1");
INSERT INTO role_has_permissions VALUES("45","2");
INSERT INTO role_has_permissions VALUES("46","1");
INSERT INTO role_has_permissions VALUES("46","2");
INSERT INTO role_has_permissions VALUES("47","1");
INSERT INTO role_has_permissions VALUES("47","2");
INSERT INTO role_has_permissions VALUES("48","1");
INSERT INTO role_has_permissions VALUES("48","2");
INSERT INTO role_has_permissions VALUES("49","1");
INSERT INTO role_has_permissions VALUES("49","2");
INSERT INTO role_has_permissions VALUES("50","1");
INSERT INTO role_has_permissions VALUES("50","2");
INSERT INTO role_has_permissions VALUES("51","1");
INSERT INTO role_has_permissions VALUES("51","2");
INSERT INTO role_has_permissions VALUES("52","1");
INSERT INTO role_has_permissions VALUES("52","2");
INSERT INTO role_has_permissions VALUES("53","1");
INSERT INTO role_has_permissions VALUES("53","2");
INSERT INTO role_has_permissions VALUES("54","1");
INSERT INTO role_has_permissions VALUES("54","2");
INSERT INTO role_has_permissions VALUES("55","1");
INSERT INTO role_has_permissions VALUES("55","2");
INSERT INTO role_has_permissions VALUES("55","4");
INSERT INTO role_has_permissions VALUES("56","1");
INSERT INTO role_has_permissions VALUES("56","2");
INSERT INTO role_has_permissions VALUES("56","4");
INSERT INTO role_has_permissions VALUES("57","1");
INSERT INTO role_has_permissions VALUES("57","2");
INSERT INTO role_has_permissions VALUES("57","4");
INSERT INTO role_has_permissions VALUES("58","1");
INSERT INTO role_has_permissions VALUES("58","2");
INSERT INTO role_has_permissions VALUES("59","1");
INSERT INTO role_has_permissions VALUES("59","2");
INSERT INTO role_has_permissions VALUES("60","1");
INSERT INTO role_has_permissions VALUES("60","2");
INSERT INTO role_has_permissions VALUES("61","1");
INSERT INTO role_has_permissions VALUES("61","2");
INSERT INTO role_has_permissions VALUES("62","1");
INSERT INTO role_has_permissions VALUES("62","2");
INSERT INTO role_has_permissions VALUES("63","1");
INSERT INTO role_has_permissions VALUES("63","2");
INSERT INTO role_has_permissions VALUES("63","4");
INSERT INTO role_has_permissions VALUES("64","1");
INSERT INTO role_has_permissions VALUES("64","2");
INSERT INTO role_has_permissions VALUES("64","4");
INSERT INTO role_has_permissions VALUES("65","1");
INSERT INTO role_has_permissions VALUES("65","2");
INSERT INTO role_has_permissions VALUES("66","1");
INSERT INTO role_has_permissions VALUES("66","2");
INSERT INTO role_has_permissions VALUES("67","1");
INSERT INTO role_has_permissions VALUES("67","2");
INSERT INTO role_has_permissions VALUES("68","1");
INSERT INTO role_has_permissions VALUES("68","2");
INSERT INTO role_has_permissions VALUES("69","1");
INSERT INTO role_has_permissions VALUES("69","2");
INSERT INTO role_has_permissions VALUES("70","1");
INSERT INTO role_has_permissions VALUES("70","2");
INSERT INTO role_has_permissions VALUES("71","1");
INSERT INTO role_has_permissions VALUES("71","2");
INSERT INTO role_has_permissions VALUES("72","1");
INSERT INTO role_has_permissions VALUES("72","2");
INSERT INTO role_has_permissions VALUES("73","1");
INSERT INTO role_has_permissions VALUES("73","2");
INSERT INTO role_has_permissions VALUES("74","1");
INSERT INTO role_has_permissions VALUES("74","2");
INSERT INTO role_has_permissions VALUES("75","1");
INSERT INTO role_has_permissions VALUES("75","2");
INSERT INTO role_has_permissions VALUES("76","1");
INSERT INTO role_has_permissions VALUES("76","2");
INSERT INTO role_has_permissions VALUES("77","1");
INSERT INTO role_has_permissions VALUES("77","2");
INSERT INTO role_has_permissions VALUES("78","1");
INSERT INTO role_has_permissions VALUES("78","2");
INSERT INTO role_has_permissions VALUES("79","1");
INSERT INTO role_has_permissions VALUES("79","2");
INSERT INTO role_has_permissions VALUES("80","1");
INSERT INTO role_has_permissions VALUES("80","2");
INSERT INTO role_has_permissions VALUES("81","1");
INSERT INTO role_has_permissions VALUES("81","2");
INSERT INTO role_has_permissions VALUES("82","1");
INSERT INTO role_has_permissions VALUES("82","2");
INSERT INTO role_has_permissions VALUES("83","1");
INSERT INTO role_has_permissions VALUES("83","2");
INSERT INTO role_has_permissions VALUES("84","1");
INSERT INTO role_has_permissions VALUES("84","2");
INSERT INTO role_has_permissions VALUES("85","1");
INSERT INTO role_has_permissions VALUES("85","2");
INSERT INTO role_has_permissions VALUES("86","1");
INSERT INTO role_has_permissions VALUES("86","2");
INSERT INTO role_has_permissions VALUES("87","1");
INSERT INTO role_has_permissions VALUES("87","2");
INSERT INTO role_has_permissions VALUES("88","1");
INSERT INTO role_has_permissions VALUES("88","2");
INSERT INTO role_has_permissions VALUES("89","1");
INSERT INTO role_has_permissions VALUES("89","2");
INSERT INTO role_has_permissions VALUES("90","1");
INSERT INTO role_has_permissions VALUES("90","2");
INSERT INTO role_has_permissions VALUES("91","1");
INSERT INTO role_has_permissions VALUES("91","2");
INSERT INTO role_has_permissions VALUES("92","1");
INSERT INTO role_has_permissions VALUES("92","2");
INSERT INTO role_has_permissions VALUES("93","1");
INSERT INTO role_has_permissions VALUES("93","2");
INSERT INTO role_has_permissions VALUES("94","1");
INSERT INTO role_has_permissions VALUES("94","2");
INSERT INTO role_has_permissions VALUES("95","1");
INSERT INTO role_has_permissions VALUES("95","2");
INSERT INTO role_has_permissions VALUES("96","1");
INSERT INTO role_has_permissions VALUES("96","2");
INSERT INTO role_has_permissions VALUES("97","1");
INSERT INTO role_has_permissions VALUES("97","2");
INSERT INTO role_has_permissions VALUES("98","1");
INSERT INTO role_has_permissions VALUES("98","2");
INSERT INTO role_has_permissions VALUES("99","1");
INSERT INTO role_has_permissions VALUES("99","2");
INSERT INTO role_has_permissions VALUES("100","1");
INSERT INTO role_has_permissions VALUES("100","2");
INSERT INTO role_has_permissions VALUES("101","1");
INSERT INTO role_has_permissions VALUES("101","2");
INSERT INTO role_has_permissions VALUES("102","1");
INSERT INTO role_has_permissions VALUES("102","2");
INSERT INTO role_has_permissions VALUES("103","1");
INSERT INTO role_has_permissions VALUES("103","2");
INSERT INTO role_has_permissions VALUES("104","1");
INSERT INTO role_has_permissions VALUES("104","2");
INSERT INTO role_has_permissions VALUES("105","1");
INSERT INTO role_has_permissions VALUES("105","2");
INSERT INTO role_has_permissions VALUES("106","1");
INSERT INTO role_has_permissions VALUES("107","1");
INSERT INTO role_has_permissions VALUES("108","1");
INSERT INTO role_has_permissions VALUES("109","1");
INSERT INTO role_has_permissions VALUES("110","1");
INSERT INTO role_has_permissions VALUES("111","1");



CREATE TABLE `roles` (
  `id` int(10) unsigned NOT NULL AUTO_INCREMENT,
  `name` varchar(191) COLLATE utf8mb4_unicode_ci NOT NULL,
  `description` text COLLATE utf8mb4_unicode_ci DEFAULT NULL,
  `guard_name` varchar(191) COLLATE utf8mb4_unicode_ci DEFAULT NULL,
  `is_active` tinyint(1) NOT NULL,
  `created_at` timestamp NULL DEFAULT NULL,
  `updated_at` timestamp NULL DEFAULT NULL,
  PRIMARY KEY (`id`)
) ENGINE=InnoDB AUTO_INCREMENT=6 DEFAULT CHARSET=utf8mb4 COLLATE=utf8mb4_unicode_ci;

INSERT INTO roles VALUES("1","Admin","admin can access all data...","web","1","2018-06-02 05:16:44","2018-06-03 04:43:05");
INSERT INTO roles VALUES("2","Owner","Staff of shop","web","1","2018-10-22 08:08:13","2022-02-01 18:43:30");
INSERT INTO roles VALUES("4","staff","staff has specific acess...","web","1","2018-06-02 05:35:27","2022-02-01 18:43:04");
INSERT INTO roles VALUES("5","Customer","","web","1","2020-11-05 12:13:16","2020-11-15 05:54:15");



CREATE TABLE `sales` (
  `id` int(10) unsigned NOT NULL AUTO_INCREMENT,
  `reference_no` varchar(191) COLLATE utf8mb4_unicode_ci NOT NULL,
  `user_id` int(11) NOT NULL,
  `cash_register_id` int(11) DEFAULT NULL,
  `customer_id` int(11) NOT NULL,
  `warehouse_id` int(11) NOT NULL,
  `biller_id` int(11) DEFAULT NULL,
  `item` int(11) NOT NULL,
  `total_qty` double NOT NULL,
  `total_discount` double NOT NULL,
  `total_tax` double NOT NULL,
  `total_price` double NOT NULL,
  `grand_total` double NOT NULL,
  `order_tax_rate` double DEFAULT NULL,
  `order_tax` double DEFAULT NULL,
  `order_discount_type` varchar(191) COLLATE utf8mb4_unicode_ci DEFAULT NULL,
  `order_discount_value` double DEFAULT NULL,
  `order_discount` double DEFAULT NULL,
  `coupon_id` int(11) DEFAULT NULL,
  `coupon_discount` double DEFAULT NULL,
  `shipping_cost` double DEFAULT NULL,
  `sale_status` int(11) NOT NULL,
  `payment_status` int(11) NOT NULL,
  `document` varchar(191) COLLATE utf8mb4_unicode_ci DEFAULT NULL,
  `paid_amount` double DEFAULT NULL,
  `sale_note` text COLLATE utf8mb4_unicode_ci DEFAULT NULL,
  `staff_note` text COLLATE utf8mb4_unicode_ci DEFAULT NULL,
  `created_at` timestamp NULL DEFAULT NULL,
  `updated_at` timestamp NULL DEFAULT NULL,
  PRIMARY KEY (`id`)
) ENGINE=InnoDB AUTO_INCREMENT=4 DEFAULT CHARSET=utf8mb4 COLLATE=utf8mb4_unicode_ci;

INSERT INTO sales VALUES("1","12345","1","2","2","8","1","1","1","0","0","110000","104500","0","0","Percentage","5","5500","","","","1","4","","104500","kojijol","hbhjuhu","2025-02-12 06:13:11","2025-02-12 06:13:11");
INSERT INTO sales VALUES("2","84848458","1","2","2","8","1","1","1","0","0","110000","104500","0","0","Percentage","5","5500","","","","1","4","","104500","jiji","ihuhuhgu","2025-02-12 00:00:00","2025-02-12 06:14:00");
INSERT INTO sales VALUES("3","955956","1","2","2","8","1","1","1","0","0","110000","104500","0","0","Percentage","5","5500","","","","1","4","","104500","","","2025-02-12 00:00:00","2025-02-12 06:15:44");



CREATE TABLE `stock_counts` (
  `id` int(10) unsigned NOT NULL AUTO_INCREMENT,
  `reference_no` varchar(191) COLLATE utf8mb4_unicode_ci NOT NULL,
  `warehouse_id` int(11) NOT NULL,
  `category_id` varchar(191) COLLATE utf8mb4_unicode_ci DEFAULT NULL,
  `brand_id` varchar(191) COLLATE utf8mb4_unicode_ci DEFAULT NULL,
  `user_id` int(11) NOT NULL,
  `type` varchar(191) COLLATE utf8mb4_unicode_ci NOT NULL,
  `initial_file` varchar(191) COLLATE utf8mb4_unicode_ci DEFAULT NULL,
  `final_file` varchar(191) COLLATE utf8mb4_unicode_ci DEFAULT NULL,
  `note` text COLLATE utf8mb4_unicode_ci DEFAULT NULL,
  `is_adjusted` tinyint(1) NOT NULL,
  `created_at` timestamp NULL DEFAULT NULL,
  `updated_at` timestamp NULL DEFAULT NULL,
  PRIMARY KEY (`id`)
) ENGINE=InnoDB DEFAULT CHARSET=utf8mb4 COLLATE=utf8mb4_unicode_ci;




CREATE TABLE `suppliers` (
  `id` int(10) unsigned NOT NULL AUTO_INCREMENT,
  `name` varchar(191) COLLATE utf8mb4_unicode_ci NOT NULL,
  `image` varchar(191) COLLATE utf8mb4_unicode_ci DEFAULT NULL,
  `company_name` varchar(191) COLLATE utf8mb4_unicode_ci NOT NULL,
  `vat_number` varchar(191) COLLATE utf8mb4_unicode_ci DEFAULT NULL,
  `email` varchar(191) COLLATE utf8mb4_unicode_ci NOT NULL,
  `phone_number` varchar(191) COLLATE utf8mb4_unicode_ci NOT NULL,
  `address` varchar(191) COLLATE utf8mb4_unicode_ci NOT NULL,
  `city` varchar(191) COLLATE utf8mb4_unicode_ci NOT NULL,
  `state` varchar(191) COLLATE utf8mb4_unicode_ci DEFAULT NULL,
  `postal_code` varchar(191) COLLATE utf8mb4_unicode_ci DEFAULT NULL,
  `country` varchar(191) COLLATE utf8mb4_unicode_ci DEFAULT NULL,
  `is_active` tinyint(1) DEFAULT NULL,
  `created_at` timestamp NULL DEFAULT NULL,
  `updated_at` timestamp NULL DEFAULT NULL,
  PRIMARY KEY (`id`)
) ENGINE=InnoDB AUTO_INCREMENT=2 DEFAULT CHARSET=utf8mb4 COLLATE=utf8mb4_unicode_ci;

INSERT INTO suppliers VALUES("1","dilshan.priyankara1016@gmail.com","","dcres","12","nanonestsolution@gmail.com","+947596554","ddfgsfgsd","dfgdf","fgfdg","4524","fdgdfg","1","2025-02-12 05:43:35","2025-02-12 05:43:35");



CREATE TABLE `taxes` (
  `id` int(10) unsigned NOT NULL AUTO_INCREMENT,
  `name` varchar(191) COLLATE utf8mb4_unicode_ci NOT NULL,
  `rate` double NOT NULL,
  `is_active` tinyint(1) DEFAULT NULL,
  `created_at` timestamp NULL DEFAULT NULL,
  `updated_at` timestamp NULL DEFAULT NULL,
  PRIMARY KEY (`id`)
) ENGINE=InnoDB DEFAULT CHARSET=utf8mb4 COLLATE=utf8mb4_unicode_ci;




CREATE TABLE `transfers` (
  `id` int(10) unsigned NOT NULL AUTO_INCREMENT,
  `reference_no` varchar(191) COLLATE utf8mb4_unicode_ci NOT NULL,
  `user_id` int(11) NOT NULL,
  `status` int(11) NOT NULL,
  `from_warehouse_id` int(11) NOT NULL,
  `to_warehouse_id` int(11) NOT NULL,
  `item` int(11) NOT NULL,
  `total_qty` double NOT NULL,
  `total_tax` double NOT NULL,
  `total_cost` double NOT NULL,
  `shipping_cost` double DEFAULT NULL,
  `grand_total` double NOT NULL,
  `document` varchar(191) COLLATE utf8mb4_unicode_ci DEFAULT NULL,
  `note` text COLLATE utf8mb4_unicode_ci DEFAULT NULL,
  `created_at` timestamp NULL DEFAULT NULL,
  `updated_at` timestamp NULL DEFAULT NULL,
  PRIMARY KEY (`id`)
) ENGINE=InnoDB DEFAULT CHARSET=utf8mb4 COLLATE=utf8mb4_unicode_ci;




CREATE TABLE `units` (
  `id` int(10) unsigned NOT NULL AUTO_INCREMENT,
  `unit_code` varchar(191) COLLATE utf8mb4_unicode_ci NOT NULL,
  `unit_name` varchar(191) COLLATE utf8mb4_unicode_ci NOT NULL,
  `base_unit` int(11) DEFAULT NULL,
  `operator` varchar(191) COLLATE utf8mb4_unicode_ci DEFAULT NULL,
  `operation_value` double DEFAULT NULL,
  `is_active` tinyint(1) DEFAULT NULL,
  `created_at` timestamp NULL DEFAULT NULL,
  `updated_at` timestamp NULL DEFAULT NULL,
  PRIMARY KEY (`id`)
) ENGINE=InnoDB AUTO_INCREMENT=11 DEFAULT CHARSET=utf8mb4 COLLATE=utf8mb4_unicode_ci;

INSERT INTO units VALUES("1","pc","Piece","","*","1","1","2018-05-12 07:57:46","2018-08-18 03:11:53");
INSERT INTO units VALUES("2","dozen","dozen box","1","*","12","1","2018-05-12 15:27:05","2018-05-12 15:27:05");
INSERT INTO units VALUES("3","cartoon","cartoon box","1","*","24","1","2018-05-12 15:27:45","2020-03-11 16:06:59");
INSERT INTO units VALUES("4","m","meter","","*","1","1","2018-05-12 15:28:07","2018-05-28 04:50:57");
INSERT INTO units VALUES("7","kg","kilogram","","*","1","1","2018-06-25 06:19:26","2018-06-25 06:19:26");
INSERT INTO units VALUES("9","gm","gram","7","/","1000","1","2018-09-01 05:36:28","2018-09-01 05:36:28");
INSERT INTO units VALUES("10","gz","goz","","*","1","0","2018-11-29 09:10:29","2019-03-02 17:23:29");



CREATE TABLE `users` (
  `id` int(10) unsigned NOT NULL AUTO_INCREMENT,
  `name` varchar(191) COLLATE utf8mb4_unicode_ci NOT NULL,
  `email` varchar(191) COLLATE utf8mb4_unicode_ci NOT NULL,
  `password` varchar(191) COLLATE utf8mb4_unicode_ci NOT NULL,
  `remember_token` varchar(100) COLLATE utf8mb4_unicode_ci DEFAULT NULL,
  `phone` varchar(191) COLLATE utf8mb4_unicode_ci NOT NULL,
  `company_name` varchar(191) COLLATE utf8mb4_unicode_ci DEFAULT NULL,
  `role_id` int(11) NOT NULL,
  `biller_id` int(11) DEFAULT NULL,
  `warehouse_id` int(11) DEFAULT NULL,
  `is_active` tinyint(1) NOT NULL,
  `is_deleted` tinyint(1) NOT NULL,
  `created_at` timestamp NULL DEFAULT NULL,
  `updated_at` timestamp NULL DEFAULT NULL,
  PRIMARY KEY (`id`)
) ENGINE=InnoDB AUTO_INCREMENT=33 DEFAULT CHARSET=utf8mb4 COLLATE=utf8mb4_unicode_ci;

INSERT INTO users VALUES("1","Dcres","dilshan.priyankara1016@gmail.com","$2y$10$KWmHkDF2x2up5VBMs/qw7.6Ifp3Spq686.ywg.UL.l0DvFFZ5SApC","YhmCgHxtdfzqMw12awmkbQVZFGlQ9aUxSxDSfmuMLJJxbr5OzdePn9DItR8H","+94703083708","Dcres","1","","","1","0","2018-06-02 08:54:15","2025-02-10 17:47:35");
INSERT INTO users VALUES("32","admin@gmail.com","nanonestsolution@gmail.com","$2y$10$V/lLUXvgwKyKbwB1K2.atuQjUvLEP52yv5CnkeDnkifHBlNr7L6q2","","+947596554","","1","","8","1","0","2025-02-12 05:53:23","2025-02-12 05:53:23");



CREATE TABLE `variants` (
  `id` int(10) unsigned NOT NULL AUTO_INCREMENT,
  `name` varchar(191) COLLATE utf8mb4_unicode_ci NOT NULL,
  `created_at` timestamp NULL DEFAULT NULL,
  `updated_at` timestamp NULL DEFAULT NULL,
  PRIMARY KEY (`id`)
) ENGINE=InnoDB DEFAULT CHARSET=utf8mb4 COLLATE=utf8mb4_unicode_ci;




CREATE TABLE `warehouses` (
  `id` int(10) unsigned NOT NULL AUTO_INCREMENT,
  `name` varchar(191) COLLATE utf8mb4_unicode_ci NOT NULL,
  `phone` varchar(191) COLLATE utf8mb4_unicode_ci DEFAULT NULL,
  `email` varchar(191) COLLATE utf8mb4_unicode_ci DEFAULT NULL,
  `address` text COLLATE utf8mb4_unicode_ci NOT NULL,
  `is_active` tinyint(1) DEFAULT NULL,
  `created_at` timestamp NULL DEFAULT NULL,
  `updated_at` timestamp NULL DEFAULT NULL,
  PRIMARY KEY (`id`)
) ENGINE=InnoDB AUTO_INCREMENT=9 DEFAULT CHARSET=utf8mb4 COLLATE=utf8mb4_unicode_ci;

INSERT INTO warehouses VALUES("8","Dcres","+94763559768","nanonestsolution@gmail.com","sadasd","1","2025-02-12 05:40:03","2025-02-12 05:40:03");

